parent_id,id,type
164305410295882_2086621124730958,1608512622506146,LIKE
164305410295882_2086621124730958,1407608829330733,LIKE
164305410295882_2086621124730958,1467244923343056,LIKE
164305410295882_2086621124730958,1615262545151084,LIKE
164305410295882_2086621124730958,10154924129299755,LIKE
164305410295882_2086621124730958,1380276248675342,LIKE
164305410295882_2086621124730958,311724172583877,LIKE
164305410295882_2086621124730958,1968971283332535,LIKE
164305410295882_2086621124730958,10203388797677052,LIKE
164305410295882_2086621124730958,190885718111313,LIKE
164305410295882_2086621124730958,10155461442151532,LOVE
164305410295882_2086621124730958,1862423980685954,LIKE
164305410295882_2086621124730958,1590635577635804,LIKE
164305410295882_2086621124730958,1817025448312761,LIKE
164305410295882_2086621124730958,1400867980003044,LIKE
164305410295882_2086621124730958,10154404437312396,LIKE
164305410295882_2086621124730958,1350194831683184,LIKE
164305410295882_2086621124730958,244902629347084,LIKE
164305410295882_2086621124730958,10155123392029143,LIKE
164305410295882_2086621124730958,1447826345297759,LIKE
164305410295882_2086621124730958,1460501920655853,LIKE
164305410295882_2086621124730958,10214129044766589,LOVE
164305410295882_2086621124730958,10155277468020170,LIKE
164305410295882_2086621124730958,1072751432856270,LIKE
164305410295882_2086621124730958,1569933023067901,LIKE
164305410295882_2086621124730958,10155224363310923,LIKE
164305410295882_2086621124730958,1349817305137699,LIKE
164305410295882_2086621124730958,1919850101630642,LIKE
164305410295882_2086621124730958,1916698318601619,WOW
164305410295882_2086621124730958,1380279822054701,LIKE
164305410295882_2086621124730958,1246089075502420,LIKE
164305410295882_2086621124730958,183817298819865,LIKE
164305410295882_2086621124730958,1545296125533899,LIKE
164305410295882_2086621124730958,483099772023952,LIKE
164305410295882_2086621124730958,235826103591811,LIKE
164305410295882_2086621124730958,10208138135004988,WOW
164305410295882_2086621124730958,10210960712508497,LIKE
164305410295882_2086621124730958,1574566849234184,LIKE
164305410295882_2086621124730958,1918713411679163,LIKE
164305410295882_2086621124730958,260408244363293,LIKE
164305410295882_2086621124730958,1442546912478189,LIKE
164305410295882_2086621124730958,1919217381667901,LIKE
164305410295882_2086621124730958,1093808680752031,LIKE
164305410295882_2086621124730958,1782779865069514,LIKE
164305410295882_2086621124730958,984790681658398,LOVE
164305410295882_2086621124730958,10155602232264009,LIKE
164305410295882_2086621124730958,1629108757107665,LIKE
164305410295882_2086621124730958,327684644328476,LIKE
164305410295882_2086621124730958,1705259616154333,LOVE
164305410295882_2086621124730958,566458070409972,LIKE
164305410295882_2086621124730958,1446048745440663,LIKE
164305410295882_2086621124730958,1329451517173958,LIKE
164305410295882_2086621124730958,10155701422484369,ANGRY
164305410295882_2086621124730958,1917620248492221,LIKE
164305410295882_2086621124730958,295177760892965,LIKE
164305410295882_2086621124730958,1357631420958319,LIKE
164305410295882_2086621124730958,10209654897308551,ANGRY
164305410295882_2086621124730958,1587999694576020,LIKE
164305410295882_2086621124730958,10213434596278348,LIKE
164305410295882_2086621124730958,10209743894853564,LIKE
164305410295882_2086621124730958,1940136516263478,LIKE
164305410295882_2086621124730958,10210186533163175,LIKE
164305410295882_2086621124730958,10211044407964144,LIKE
164305410295882_2086621124730958,1337306639700695,LIKE
164305410295882_2086621124730958,10213062311209797,LIKE
164305410295882_2086621124730958,1409178065828251,LOVE
164305410295882_2086621124730958,350851978667533,LIKE
164305410295882_2086621124730958,871858639619410,LIKE
164305410295882_2086621124730958,10155030494178509,LIKE
164305410295882_2086621124730958,10156315062309392,LIKE
164305410295882_2086621124730958,1501562376532948,LIKE
164305410295882_2086621124730958,1412065932213751,LIKE
164305410295882_2086621124730958,10213674792927766,LIKE
164305410295882_2086621124730958,1922353344703930,LIKE
164305410295882_2086621124730958,1351739374944727,LIKE
164305410295882_2086621124730958,1069179729879026,LIKE
164305410295882_2086621124730958,1471450632911303,LIKE
164305410295882_2086621124730958,449629378749408,LIKE
164305410295882_2086621124730958,527236904333999,LIKE
164305410295882_2086621124730958,10209814630071643,LIKE
164305410295882_2086621124730958,10208486998286867,LIKE
164305410295882_2086621124730958,1985879191733133,LOVE
164305410295882_2086621124730958,1143776525766767,LIKE
164305410295882_2086621124730958,10155407948963834,LIKE
164305410295882_2086621124730958,10209969862790001,LIKE
164305410295882_2086621124730958,10155487841714337,LIKE
164305410295882_2086621124730958,198041987390807,LIKE
164305410295882_2086621124730958,1021928171277123,LIKE
164305410295882_2086621124730958,10154793366158333,LOVE
164305410295882_2086621124730958,10154477912146721,LOVE
164305410295882_2086621124730958,575673046666,LIKE
164305410295882_2086621124730958,1559761910752652,LIKE
164305410295882_2086621124730958,1649413601757026,LIKE
164305410295882_2086621124730958,512195889127887,LOVE
164305410295882_2086621124730958,10158928524950150,LIKE
164305410295882_2086621124730958,10209738995457077,LIKE
164305410295882_2086621124730958,1897888670452067,LIKE
164305410295882_2086621124730958,1373588942695388,LIKE
164305410295882_2086621124730958,10213494918908192,LIKE
164305410295882_2086621124730958,356103671475298,LIKE
164305410295882_2086621124730958,1900459350207688,LOVE
164305410295882_2086621124730958,10155461754664197,LIKE
164305410295882_2086621124730958,10158910220835075,LIKE
164305410295882_2086621124730958,1941764186070220,LOVE
164305410295882_2086621124730958,1592738514072073,LIKE
164305410295882_2086621124730958,965143650294792,LIKE
164305410295882_2086621124730958,10213802973653480,LIKE
164305410295882_2086621124730958,816493505186567,LIKE
164305410295882_2086621124730958,10213606536021503,LIKE
164305410295882_2086621124730958,1598159550202828,LIKE
164305410295882_2086621124730958,1808332002813572,LIKE
164305410295882_2086621124730958,10101745135656214,LIKE
164305410295882_2086621124730958,1438009049577949,LIKE
164305410295882_2086621124730958,10158954955405298,LIKE
164305410295882_2086621124730958,10213443653754334,LIKE
164305410295882_2086621124730958,10154861137442106,LIKE
164305410295882_2086621124730958,10155375723450797,LOVE
164305410295882_2086621124730958,725600187641934,LIKE
164305410295882_2086621124730958,1602591986420782,LIKE
164305410295882_2086621124730958,10212776170186317,LIKE
164305410295882_2086621124730958,10159007763805613,LIKE
164305410295882_2086621124730958,10213439450130578,LIKE
164305410295882_2086621124730958,1506246086104130,LIKE
164305410295882_2086621124730958,10158910220840075,LIKE
164305410295882_2086621124730958,1822168934464753,LIKE
164305410295882_2086621124730958,10207437426132317,LIKE
164305410295882_2086621124730958,1478006992257881,LIKE
164305410295882_2086621124730958,1295832040515047,LIKE
164305410295882_2086621124730958,329401384182104,LIKE
164305410295882_2086621124730958,1975364912708337,LIKE
164305410295882_2086621124730958,10154766709037253,LIKE
164305410295882_2086621124730958,1433739850066738,LIKE
164305410295882_2086621124730958,10155129028103612,LIKE
164305410295882_2086621124730958,790545331123662,LIKE
164305410295882_2086621124730958,10154712095937816,LIKE
164305410295882_2086621124730958,10213502141012955,LIKE
164305410295882_2086621124730958,10155912620070348,LIKE
164305410295882_2086621124730958,403681326693156,LIKE
164305410295882_2086621124730958,10213908939103364,LIKE
164305410295882_2086621124730958,1809238719091524,LOVE
164305410295882_2086621124730958,1297934280303870,LIKE
164305410295882_2086621124730958,10208945116936430,LIKE
164305410295882_2086621124730958,10213709105383812,LIKE
164305410295882_2086621124730958,10207566928885907,LIKE
164305410295882_2086621124730958,10213583417409434,LIKE
164305410295882_2086621124730958,1781178922121264,LIKE
164305410295882_2086621124730958,10155646413919059,LIKE
164305410295882_2086621124730958,1096639797104141,LIKE
164305410295882_2086621124730958,1413361592047055,LIKE
164305410295882_2086621124730958,1558051654226369,LIKE
164305410295882_2086621124730958,10209795179745393,LIKE
164305410295882_2086621124730958,10203441939605343,LIKE
164305410295882_2086621124730958,279084305891739,LIKE
164305410295882_2086621124730958,1529393653747581,LIKE
164305410295882_2086621124730958,10211704958553799,WOW
164305410295882_2086621124730958,1395271083894271,LIKE
164305410295882_2086621124730958,10210099019061086,LOVE
164305410295882_2086621124730958,394754390926358,LIKE
164305410295882_2086621124730958,1318692584913505,LIKE
164305410295882_2086621124730958,10212934636738834,LIKE
164305410295882_2086621124730958,445912129140779,LIKE
164305410295882_2086621124730958,10154726314957361,LIKE
164305410295882_2086621124730958,207762346415328,LIKE
164305410295882_2086621124730958,1711704775521216,LIKE
164305410295882_2086621124730958,847308105422849,LIKE
164305410295882_2086621124730958,1423191964463515,LIKE
164305410295882_2086621124730958,236405056867329,LIKE
164305410295882_2086621124730958,315433745548246,LOVE
164305410295882_2086621124730958,1917076581845887,LIKE
164305410295882_2086621124730958,10154467604180764,WOW
164305410295882_2086621124730958,1723247484356617,LIKE
164305410295882_2086621124730958,10208926506749295,LIKE
164305410295882_2086621124730958,10154870006756298,LIKE
164305410295882_2086621124730958,10154787226833602,LIKE
164305410295882_2086621124730958,1388851321191702,LIKE
164305410295882_2086621124730958,575519959503105,LIKE
164305410295882_2086621124730958,10156529472553532,LIKE
164305410295882_2086621124730958,1589937664413118,LIKE
164305410295882_2086621124730958,1317487815036979,LIKE
164305410295882_2086621124730958,10214003076330362,HAHA
164305410295882_2086621124730958,1911709605753208,LIKE
164305410295882_2086621124730958,1609710555719763,LIKE
164305410295882_2086621124730958,1092384234228019,ANGRY
164305410295882_2086621124730958,10213969356457533,LIKE
164305410295882_2086621124730958,245259295979523,LOVE
164305410295882_2086621124730958,1803515219960709,LIKE
164305410295882_2086621124730958,10154945472278655,LIKE
164305410295882_2086621124730958,475474142807509,LIKE
164305410295882_2086621124730958,10155677920839750,LOVE
164305410295882_2086621124730958,708996935954478,LIKE
164305410295882_2086621124730958,10159021054570319,LIKE
164305410295882_2086621124730958,1965237140426060,LIKE
164305410295882_2086621124730958,10155564381994225,LIKE
164305410295882_2086621124730958,1555952157790886,LOVE
164305410295882_2086621124730958,965398120268975,LIKE
164305410295882_2086621124730958,10155112998823301,LIKE
164305410295882_2086621124730958,1997394730489370,LIKE
164305410295882_2086621124730958,1518295144857763,LIKE
164305410295882_2086621124730958,1874644029213218,LOVE
164305410295882_2086621124730958,310898512688714,LIKE
164305410295882_2086621124730958,1392885004162283,LIKE
164305410295882_2086621124730958,2063009710593046,LOVE
164305410295882_2086621124730958,10155448964152346,WOW
164305410295882_2086621124730958,799107926916601,LIKE
164305410295882_2086621124730958,1406818962735265,LIKE
164305410295882_2086621124730958,1870083129979680,LIKE
164305410295882_2086621124730958,546832445707575,LIKE
164305410295882_2086621124730958,1472425062836379,LIKE
164305410295882_2086621124730958,10154829636202921,HAHA
164305410295882_2086621124730958,646280235561580,LIKE
164305410295882_2086621124730958,664679197075184,LOVE
164305410295882_2086621124730958,1152146091557289,LIKE
164305410295882_2086621124730958,238528539997538,LIKE
164305410295882_2086621124730958,10212643614460593,LIKE
164305410295882_2086621124730958,10154711490431200,LIKE
164305410295882_2086621124730958,1542909042395993,LIKE
164305410295882_2086621124730958,829093097245549,LIKE
164305410295882_2086621124730958,343545709393037,LIKE
164305410295882_2086621124730958,224256381428739,LIKE
164305410295882_2086621124730958,1947945522149078,LIKE
164305410295882_2086621124730958,2012125802354910,LOVE
164305410295882_2086621124730958,10212009506785254,LIKE
164305410295882_2086621124730958,1479249335446909,LIKE
164305410295882_2086621124730958,248079682351233,LIKE
164305410295882_2086621124730958,1364141127002407,LOVE
164305410295882_2086621124730958,10155388092358162,LIKE
164305410295882_2086621124730958,695910807262474,LIKE
164305410295882_2086621124730958,276508392827295,LIKE
164305410295882_2086621124730958,10209455128601612,LIKE
164305410295882_2086621124730958,10213138129112304,LIKE
164305410295882_2086621124730958,1744409915576412,LIKE
164305410295882_2086621124730958,1865794517017775,LIKE
164305410295882_2086621124730958,465812010439665,LIKE
164305410295882_2086621124730958,1909960642592339,LIKE
164305410295882_2086621124730958,1641944092483886,LIKE
164305410295882_2086621124730958,10211648039029857,LIKE
164305410295882_2086621124730958,483118318701130,LIKE
164305410295882_2086621124730958,10207036073660265,LIKE
164305410295882_2086621124730958,463836450638483,WOW
164305410295882_2086621124730958,823508404483425,LIKE
164305410295882_2086621124730958,10154909647123869,LIKE
164305410295882_2086621124730958,1840631165953476,LIKE
164305410295882_2086621124730958,1771333966217698,LIKE
164305410295882_2086621124730958,10154380409826525,ANGRY
164305410295882_2086621124730958,10213747913238984,LIKE
164305410295882_2086621124730958,10155393974731788,LIKE
164305410295882_2086621124730958,1816541492008579,LIKE
164305410295882_2086621124730958,1619583301393955,LIKE
164305410295882_2086621124730958,1500188476707598,LIKE
164305410295882_2086621124730958,819207124912517,LIKE
164305410295882_2086621124730958,824042887752463,LIKE
164305410295882_2086621124730958,1918364428451243,LIKE
164305410295882_2086621124730958,1386085044844149,LIKE
164305410295882_2086621124730958,1390182474368518,LIKE
164305410295882_2086621124730958,1101541039990506,LIKE
164305410295882_2086621124730958,430544470662402,LIKE
164305410295882_2086621124730958,1684615961567930,LIKE
164305410295882_2086621124730958,361361470961167,LIKE
164305410295882_2086621124730958,1871129433209084,LIKE
164305410295882_2086621124730958,10206960157481581,LIKE
164305410295882_2086621124730958,1447063298716040,LIKE
164305410295882_2086621124730958,1447396058687501,LIKE
164305410295882_2086621124730958,10213195529020954,LOVE
164305410295882_2086621124730958,10156331332969115,LIKE
164305410295882_2086621124730958,10210186274921844,LIKE
164305410295882_2086621124730958,10209246943512719,LOVE
164305410295882_2086621124730958,10211965710565729,LIKE
164305410295882_2086621124730958,1530241657033078,LIKE
164305410295882_2086621124730958,10203147975058383,LIKE
164305410295882_2086621124730958,10212828450161749,LIKE
164305410295882_2086621124730958,1228717983904043,LIKE
164305410295882_2086621124730958,10158895062860332,WOW
164305410295882_2086621124730958,10212148523723848,LIKE
164305410295882_2086621124730958,10156727013068018,LOVE
164305410295882_2086621124730958,1933350903591892,LIKE
164305410295882_2086621124730958,1732739116755905,LIKE
164305410295882_2086621124730958,10154801992498511,LIKE
164305410295882_2086621124730958,1384190278333811,LIKE
164305410295882_2086621124730958,280556942410765,LIKE
164305410295882_2086621124730958,322132268240115,LIKE
164305410295882_2086621124730958,253624181790378,LIKE
164305410295882_2086621124730958,381236898944820,LIKE
164305410295882_2086621124730958,10105291404564733,LIKE
164305410295882_2086621124730958,10207278744125448,WOW
164305410295882_2086621124730958,10213455104154905,LIKE
164305410295882_2086621124730958,10211896030829033,LIKE
164305410295882_2086621124730958,10102510304262318,LOVE
164305410295882_2086621124730958,1133379436806100,LIKE
164305410295882_2086621124730958,10213383781932670,LIKE
164305410295882_2086621124730958,837296809777625,LIKE
164305410295882_2086621124730958,1278636048928614,LIKE
164305410295882_2086621124730958,1390277257686761,LIKE
164305410295882_2086621124730958,745624152311568,LIKE
164305410295882_2086621124730958,462252354133471,HAHA
164305410295882_2086621124730958,881298428676044,LIKE
164305410295882_2086621124730958,812402195595915,LIKE
164305410295882_2086621124730958,10159011169755051,LIKE
164305410295882_2086621124730958,1405412142877140,LIKE
164305410295882_2086621124730958,239089056604243,LIKE
164305410295882_2086621124730958,1238086899652222,LIKE
164305410295882_2086621124730958,10210586002109712,LIKE
164305410295882_2086621124730958,864183633757308,LIKE
164305410295882_2086621124730958,1614573188553852,LOVE
164305410295882_2086621124730958,10213708284080293,LIKE
164305410295882_2086621124730958,1488441824549136,LIKE
164305410295882_2086621124730958,10213711565213305,LOVE
164305410295882_2086621124730958,1915732585335629,LIKE
164305410295882_2086621124730958,489450554722373,LIKE
164305410295882_2086621124730958,10211816620804349,WOW
164305410295882_2086621124730958,1263535970441704,LIKE
164305410295882_2086621124730958,1842059642489551,LIKE
164305410295882_2086621124730958,323719884735979,LIKE
164305410295882_2086621124730958,1408186409289364,LOVE
164305410295882_2086621124730958,10155245603635272,LIKE
164305410295882_2086621124730958,464160127263041,LIKE
164305410295882_2086621124730958,1940325512919700,LIKE
164305410295882_2086621124730958,1921313811449178,LIKE
164305410295882_2086621124730958,287839911619565,LIKE
164305410295882_2086621124730958,1905418349717510,LIKE
164305410295882_2086621124730958,243006406215984,LIKE
164305410295882_2086621124730958,436965370030162,LIKE
164305410295882_2086621124730958,10159035210345714,LIKE
164305410295882_2086621124730958,10213095058512355,LIKE
164305410295882_2086621124730958,828553653986532,LOVE
164305410295882_2086621124730958,1952743121674132,LIKE
164305410295882_2086621124730958,1546685672048118,LIKE
164305410295882_2086621124730958,408555619540767,LIKE
164305410295882_2086621124730958,1702490056432133,LIKE
164305410295882_2086621124730958,10210169336325519,LOVE
164305410295882_2086621124730958,10158954635240174,LOVE
164305410295882_2086621124730958,1367918143296338,LIKE
164305410295882_2086621124730958,1384603754942665,LIKE
164305410295882_2086621124730958,1878363182428008,LIKE
164305410295882_2086621124730958,10212141148955901,LIKE
164305410295882_2086621124730958,1572568719482851,LIKE
164305410295882_2086621124730958,10154904228504912,LOVE
164305410295882_2086621124730958,335743763526273,LIKE
164305410295882_2086621124730958,10212069944918082,LIKE
164305410295882_2086621124730958,1222062641237166,LIKE
164305410295882_2086621124730958,1079868032146116,LIKE
164305410295882_2086621124730958,1563601263649974,LIKE
164305410295882_2086621124730958,1704696399541709,LIKE
164305410295882_2086621124730958,1521082044608550,LOVE
164305410295882_2086621124730958,1167738299999290,LIKE
164305410295882_2086621124730958,968761709932648,LIKE
164305410295882_2086621124730958,1924666444484522,LIKE
164305410295882_2086621124730958,10155455890727556,LIKE
164305410295882_2086621124730958,197748307421026,LIKE
164305410295882_2086621124730958,2086071281620108,LIKE
164305410295882_2086621124730958,10155422726793164,LIKE
164305410295882_2086621124730958,1437355736329631,LIKE
164305410295882_2086621124730958,10159005125740215,LIKE
164305410295882_2086621124730958,1896351460625037,LIKE
164305410295882_2086621124730958,1655377381140274,LIKE
164305410295882_2086621124730958,10211918674180314,LIKE
164305410295882_2086621124730958,10155525209358817,LIKE
164305410295882_2086621124730958,455819574772718,LIKE
164305410295882_2086621124730958,2165316253694679,LIKE
164305410295882_2086621124730958,1944697282482191,LIKE
164305410295882_2086621124730958,450471028658739,LIKE
164305410295882_2086621124730958,10209234516203796,LIKE
164305410295882_2086621124730958,1349026638548036,LIKE
164305410295882_2086621124730958,1336573049771775,LIKE
164305410295882_2086621124730958,10210727756363282,LIKE
164305410295882_2086621124730958,10213601532056228,LIKE
164305410295882_2086621124730958,10208761938236311,LIKE
164305410295882_2086621124730958,1958513767507934,LIKE
164305410295882_2086621124730958,10155483587418669,LIKE
164305410295882_2086621124730958,1895667533781753,LIKE
164305410295882_2086621124730958,2011862622367308,LIKE
164305410295882_2086621124730958,479256809087279,LIKE
164305410295882_2086621124730958,10156361520563312,LIKE
164305410295882_2086621124730958,1501996726525660,LIKE
164305410295882_2086621124730958,441980766187289,LIKE
164305410295882_2086621124730958,1502021469873213,LIKE
164305410295882_2086621124730958,10155503152680127,LOVE
164305410295882_2086621124730958,1744475078914497,LIKE
164305410295882_2086621124730958,10206960033038470,LIKE
164305410295882_2086621124730958,10211886674334975,LIKE
164305410295882_2086621124730958,1938096263103368,LIKE
164305410295882_2086621124730958,10213959285441965,LIKE
164305410295882_2086621124730958,10158918891050463,LIKE
164305410295882_2086621124730958,10154744884977849,LIKE
164305410295882_2086621124730958,1354084458042757,LIKE
164305410295882_2086621124730958,1813097208707400,LIKE
164305410295882_2086621124730958,10155516758848594,LIKE
164305410295882_2086621124730958,10213772050800284,LIKE
164305410295882_2086621124730958,1872448143078060,LOVE
164305410295882_2086621124730958,1596126617086809,LIKE
164305410295882_2086621124730958,1483746021684567,LIKE
164305410295882_2086621124730958,1946112545629861,LIKE
164305410295882_2086621124730958,10154733495152895,LIKE
164305410295882_2086621124730958,1231387806970544,LIKE
164305410295882_2086621124730958,1594998503884793,LIKE
164305410295882_2086621124730958,1332402040214137,LIKE
164305410295882_2086621124730958,1371787849573045,LIKE
164305410295882_2086621124730958,1619941804683693,HAHA
164305410295882_2086621124730958,841892555959719,LIKE
164305410295882_2086621124730958,711342905733203,LIKE
164305410295882_2086621124730958,1346015458781162,LIKE
164305410295882_2086621124730958,10154520110175458,LIKE
164305410295882_2086621124730958,1408460089247006,LIKE
164305410295882_2086621124730958,10155483198767436,LIKE
164305410295882_2086621124730958,10213172064954136,LIKE
164305410295882_2086621124730958,894727854014261,LIKE
164305410295882_2086621124730958,1910584462537823,LIKE
164305410295882_2086621124730958,1380686798683634,LIKE
164305410295882_2086621124730958,10159059407585311,LIKE
164305410295882_2086621124730958,1444110665611851,LIKE
164305410295882_2086621124730958,10213926093372105,LIKE
164305410295882_2086621124730958,1895015664076521,LIKE
164305410295882_2086621124730958,1485898211430541,LIKE
164305410295882_2086621124730958,1081003678698764,LIKE
164305410295882_2086621124730958,709186075937147,LIKE
164305410295882_2086621124730958,482717122077674,LIKE
164305410295882_2086621124730958,1814550618561721,LIKE
164305410295882_2086621124730958,10213005232147155,LIKE
164305410295882_2086621124730958,279812455821232,LIKE
164305410295882_2086621124730958,10154694894602606,LIKE
164305410295882_2086621124730958,10213414350177126,ANGRY
164305410295882_2086621124730958,10154967763201919,LOVE
164305410295882_2086621124730958,1473297316061246,LIKE
164305410295882_2086621124730958,1495063543889740,LIKE
164305410295882_2086621124730958,1872456319670500,LIKE
164305410295882_2086621124730958,10211556949417372,LIKE
164305410295882_2086621124730958,839036662910696,WOW
164305410295882_2086621124730958,10155150695921141,LIKE
164305410295882_2086621124730958,10213969850062342,LIKE
164305410295882_2086621124730958,10156299448053709,LIKE
164305410295882_2086621124730958,10158927943325058,LIKE
164305410295882_2086621124730958,10206916348705975,LIKE
164305410295882_2086621124730958,1540799822638292,LIKE
164305410295882_2086621124730958,910224865798319,LIKE
164305410295882_2086621124730958,1558145200883433,LIKE
164305410295882_2086621124730958,1360585004057085,LOVE
164305410295882_2086621124730958,1515866228453129,LIKE
164305410295882_2086621124730958,1436139213119165,LIKE
164305410295882_2086621124730958,807927216048763,LIKE
164305410295882_2086621124730958,433105890423189,LIKE
164305410295882_2086621124730958,10203112374647991,LIKE
164305410295882_2086621124730958,10159041828145284,LIKE
164305410295882_2086621124730958,10211641093975723,LIKE
164305410295882_2086621124730958,10211207058224704,LIKE
164305410295882_2086621124730958,1841166456211506,LIKE
164305410295882_2086621124730958,10213449466500203,LIKE
164305410295882_2086621124730958,10214027841035241,LIKE
164305410295882_2086621124730958,1363938123721631,LIKE
164305410295882_2086621124730958,468209346858425,LIKE
164305410295882_2086621124730958,1613233458695284,LIKE
164305410295882_2086621124730958,1432241330193939,LIKE
164305410295882_2086621124730958,10213589667603173,LIKE
164305410295882_2086621124730958,10156301580554097,LIKE
164305410295882_2086621124730958,10213456893317355,WOW
164305410295882_2086621124730958,808583942634818,LIKE
164305410295882_2086621124730958,10155500446178221,SAD
164305410295882_2086621124730958,489846091369549,LIKE
164305410295882_2086621124730958,10209342443746687,LOVE
164305410295882_2086621124730958,1215426895253744,LIKE
164305410295882_2086621124730958,10154991536863285,LIKE
164305410295882_2086621124730958,841996589299522,LIKE
164305410295882_2086621124730958,10213326531461465,LIKE
164305410295882_2086621124730958,448077962257211,LIKE
164305410295882_2086621124730958,328505060919050,LIKE
164305410295882_2086621124730958,1611822378851380,WOW
164305410295882_2086621124730958,860005354165134,ANGRY
164305410295882_2086621124730958,1488296471241135,LIKE
164305410295882_2086621124730958,699717413550899,LIKE
164305410295882_2086621124730958,1395417037200923,LIKE
164305410295882_2086621124730958,1904204313171325,LOVE
164305410295882_2086621124730958,1353235824794574,WOW
164305410295882_2086621124730958,10211973297199686,LOVE
164305410295882_2086621124730958,1912228545701618,LIKE
164305410295882_2086621124730958,10102888815697142,WOW
164305410295882_2086621124730958,10212170244144071,LIKE
164305410295882_2086621124730958,1870635552963569,LIKE
164305410295882_2086621124730958,10155503799947236,LIKE
164305410295882_2086621124730958,10207404269384628,LIKE
164305410295882_2086621124730958,1924769747771241,LIKE
164305410295882_2086621124730958,1396447797098300,LIKE
164305410295882_2086621124730958,1078683662264400,LIKE
164305410295882_2086621124730958,1717352441628234,LIKE
164305410295882_2086621124730958,1419630461455830,LIKE
164305410295882_2086621124730958,1553124438077440,LIKE
164305410295882_2086621124730958,1742107629149969,LOVE
164305410295882_2086621124730958,2090991671123727,LIKE
164305410295882_2086621124730958,247195935770520,LIKE
164305410295882_2086621124730958,10203494022787826,LIKE
164305410295882_2086621124730958,1644589928906900,LIKE
164305410295882_2086621124730958,1646361085376721,LIKE
164305410295882_2086621124730958,10154750848608947,LIKE
164305410295882_2086621124730958,1880540088864537,LIKE
164305410295882_2086621124730958,10155712973664714,LIKE
164305410295882_2086621124730958,430798170638643,LIKE
164305410295882_2086621124730958,1983778898568313,LIKE
164305410295882_2086621124730958,1406336156118579,LIKE
164305410295882_2086621124730958,10154471079987447,WOW
164305410295882_2086621124730958,1888765058057673,LIKE
164305410295882_2086621124730958,1351967398171985,LIKE
164305410295882_2086621124730958,1317711175008584,LOVE
164305410295882_2086621124730958,10211566602913828,LIKE
164305410295882_2086621124730958,1862864524029375,LIKE
164305410295882_2086621124730958,1568335956532841,LIKE
164305410295882_2086621124730958,1910456429167254,LIKE
164305410295882_2086621124730958,1544398012248616,LIKE
164305410295882_2086621124730958,10155396523264463,LOVE
164305410295882_2086621124730958,1889391891315838,LOVE
164305410295882_2086621124730958,402988036765105,LIKE
164305410295882_2086621124730958,10155395825875070,LIKE
164305410295882_2086621124730958,633959166810227,LIKE
164305410295882_2086621124730958,10203670825129241,LIKE
164305410295882_2086621124730958,1884427521587126,LIKE
164305410295882_2086621124730958,1894878680525931,LIKE
164305410295882_2086621124730958,10156212549458238,LIKE
164305410295882_2086621124730958,1578144555553766,LIKE
164305410295882_2086621124730958,10155312118263726,LIKE
164305410295882_2086621124730958,10213653869168070,LIKE
164305410295882_2086621124730958,1430014337066098,LIKE
164305410295882_2086621124730958,825367717631635,LIKE
164305410295882_2086621124730958,10155532772353914,LIKE
164305410295882_2086621124730958,1553331201378421,WOW
164305410295882_2086621124730958,10213828947106070,SAD
164305410295882_2086621124730958,1865430147110881,LIKE
164305410295882_2086621124730958,10154536152431244,LIKE
164305410295882_2086621124730958,1421933801209488,LOVE
164305410295882_2086621124730958,10154615703654147,LIKE
164305410295882_2086621124730958,1598595433515418,LIKE
164305410295882_2086621124730958,1174818592664541,LIKE
164305410295882_2086621124730958,213674352489532,SAD
164305410295882_2086621124730958,10207989882138829,LIKE
164305410295882_2086621124730958,1528462913895650,LIKE
164305410295882_2086621124730958,1895354287457060,LOVE
164305410295882_2086621124730958,10155043613634177,LIKE
164305410295882_2086621124730958,1812276968787466,LIKE
164305410295882_2086621124730958,10150900716939984,LIKE
164305410295882_2086621124730958,479612139053172,LIKE
164305410295882_2086621124730958,207330709793771,LIKE
164305410295882_2086621124730958,10155001891278999,LOVE
164305410295882_2086621124730958,2319099801649479,LOVE
164305410295882_2086621124730958,10156490502798508,LOVE
164305410295882_2086621124730958,10154912809972987,LOVE
164305410295882_2086621124730958,10155277702281183,LIKE
164305410295882_2086621124730958,10154589063427539,LIKE
164305410295882_2086621124730958,1575170775860559,LIKE
164305410295882_2086621124730958,10155599957999301,LIKE
164305410295882_2086621124730958,1917107041860872,WOW
164305410295882_2086621124730958,1368226989933010,LIKE
164305410295882_2086621124730958,10155512281658035,LIKE
164305410295882_2086621124730958,10213186255552081,LIKE
164305410295882_2086621124730958,1893408204005873,LIKE
164305410295882_2086621124730958,1509845905720319,LIKE
164305410295882_2086621124730958,1210007639145588,LOVE
164305410295882_2086621124730958,289691541504245,LIKE
164305410295882_2086621124730958,10213888988078169,LIKE
164305410295882_2086621124730958,702059159981512,LIKE
164305410295882_2086621124730958,10155529734513552,LIKE
164305410295882_2086621124730958,778957465596802,LIKE
164305410295882_2086621124730958,10213642763131458,LIKE
164305410295882_2086621124730958,1521324811253378,LIKE
164305410295882_2086621124730958,10211534216785155,LIKE
164305410295882_2086621124730958,1383190255100046,LIKE
164305410295882_2086621124730958,10207690515659419,LIKE
164305410295882_2086621124730958,1281216761989542,LIKE
164305410295882_2086621124730958,10211594557811303,LIKE
164305410295882_2086621124730958,1034597953342452,LIKE
164305410295882_2086621124730958,10155406243721996,LIKE
164305410295882_2086621124730958,324285278006603,LOVE
164305410295882_2086621124730958,1900715940146891,LIKE
164305410295882_2086621124730958,1604649172939861,LIKE
164305410295882_2086621124730958,10207793153025723,LIKE
164305410295882_2086621124730958,1066865563443959,WOW
164305410295882_2086621124730958,1534193206612873,LIKE
164305410295882_2086621124730958,207593999765797,LIKE
164305410295882_2086621124730958,10211086935121510,LIKE
164305410295882_2086621124730958,10159149281355160,LIKE
164305410295882_2086621124730958,10213909190265887,LIKE
164305410295882_2086621124730958,10155478835917290,LOVE
164305410295882_2086621124730958,10155430829530979,LIKE
164305410295882_2086621124730958,453604648328157,LIKE
164305410295882_2086621124730958,824453511065866,LIKE
164305410295882_2086621124730958,464274540617131,LIKE
164305410295882_2086621124730958,1484638781591026,LIKE
164305410295882_2086621124730958,1977134629232377,LIKE
164305410295882_2086621124730958,10213408156621318,LOVE
164305410295882_2086621124730958,1519354368086904,LIKE
164305410295882_2086621124730958,1389715964477671,LIKE
164305410295882_2086621124730958,319400448503090,LIKE
164305410295882_2086621124730958,10155549269559329,LIKE
164305410295882_2086621124730958,10213352178784493,LIKE
164305410295882_2086621124730958,1351471174943847,LIKE
164305410295882_2086621124730958,1696128720415219,LIKE
164305410295882_2086621124730958,316657115457187,LIKE
164305410295882_2086621124730958,1555624337816031,LIKE
164305410295882_2086621124730958,1756746817673358,LIKE
164305410295882_2086621124730958,10154480642826104,LOVE
164305410295882_2086621124730958,1520632484666669,LIKE
164305410295882_2086621124730958,10209370689647619,LIKE
164305410295882_2086621124730958,10208091601882830,SAD
164305410295882_2086621124730958,1949820275294030,LIKE
164305410295882_2086621124730958,10154955836198732,LIKE
164305410295882_2086621124730958,1818349205145399,LIKE
164305410295882_2086621124730958,1412635055523653,LIKE
164305410295882_2086621124730958,10155446584136407,LIKE
164305410295882_2086621124730958,2009367595966300,LIKE
164305410295882_2086621124730958,10213242307083070,LOVE
164305410295882_2086621124730958,1567196823351821,LIKE
164305410295882_2086621124730958,1846569045660178,LIKE
164305410295882_2086621124730958,10155088967323855,LIKE
164305410295882_2086621124730958,283585238772225,LIKE
164305410295882_2086621124730958,1414287145331641,LIKE
164305410295882_2086621124730958,10155465064624664,LIKE
164305410295882_2086621124730958,10155443175554089,LIKE
164305410295882_2086621124730958,10210954312228145,LIKE
164305410295882_2086621124730958,10155651553584604,LIKE
164305410295882_2086621124730958,10213625687459133,LIKE
164305410295882_2086621124730958,1979081972377154,LIKE
164305410295882_2086621124730958,820540064761939,LIKE
164305410295882_2086621124730958,10214453370833789,LIKE
164305410295882_2086621124730958,2146728462220412,LIKE
164305410295882_2086621124730958,1309418665822348,LIKE
164305410295882_2086621124730958,1559015127484187,LIKE
164305410295882_2086621124730958,10211524433400816,LIKE
164305410295882_2086621124730958,276340016169087,LOVE
164305410295882_2086621124730958,10208558096984563,LIKE
164305410295882_2086621124730958,10213774147774927,LIKE
164305410295882_2086621124730958,10154845673599010,LIKE
164305410295882_2086621124730958,10154708676739562,LOVE
164305410295882_2086621124730958,1236641386445609,LIKE
164305410295882_2086621124730958,1407441879339070,LIKE
164305410295882_2086621124730958,10155524675048833,LIKE
164305410295882_2086621124730958,10155248038100199,LIKE
164305410295882_2086621124730958,10213279628046777,HAHA
164305410295882_2086621124730958,1785645961451575,LIKE
164305410295882_2086621124730958,1926889554236981,LIKE
164305410295882_2086621124730958,10158869342420363,LIKE
164305410295882_2086621124730958,435905900100215,LOVE
164305410295882_2086621124730958,1373168919432445,LIKE
164305410295882_2086621124730958,1406768986080310,LIKE
164305410295882_2086621124730958,10213107826228829,LIKE
164305410295882_2086621124730958,445817329137272,LIKE
164305410295882_2086621124730958,1986314268265226,ANGRY
164305410295882_2086621124730958,10211704958593800,LIKE
164305410295882_2086621124730958,10155477832469281,LOVE
164305410295882_2086621124730958,1509099129112708,LIKE
164305410295882_2086621124730958,1893256637582264,LOVE
164305410295882_2086621124730958,10155839149074523,LIKE
164305410295882_2086621124730958,1383555995063933,LIKE
164305410295882_2086621124730958,10213845355306663,LIKE
164305410295882_2086621124730958,10155704003061807,LIKE
164305410295882_2086621124730958,10203214834768634,LOVE
164305410295882_2086621124730958,10155382729194029,LIKE
164305410295882_2086621124730958,462124140808560,LIKE
164305410295882_2086621124730958,1491479474208390,LIKE
164305410295882_2086621124730958,1812928872369051,LIKE
164305410295882_2086621124730958,1905987843058315,LIKE
164305410295882_2086621124730958,1162185337220659,LIKE
164305410295882_2086621124730958,1266762766755611,LIKE
164305410295882_2086621124730958,10210960064732171,LIKE
164305410295882_2086621124730958,10155430033728926,LIKE
164305410295882_2086621124730958,1729386810424186,LIKE
164305410295882_2086621124730958,10155839149069523,LIKE
164305410295882_2086621124730958,1400787739989851,LIKE
164305410295882_2086621124730958,424016341325026,LIKE
164305410295882_2086621124730958,1628087187233071,LIKE
164305410295882_2086621124730958,1922619744653004,LIKE
164305410295882_2086621124730958,10156491990010200,LIKE
164305410295882_2086621124730958,10213221142623096,LIKE
164305410295882_2086621124730958,10212509518552079,LIKE
164305410295882_2086621124730958,1588552894534955,LIKE
164305410295882_2086621124730958,10213603644116329,LIKE
164305410295882_2086621124730958,10213429127385557,LIKE
164305410295882_2086621124730958,10213792447593823,LIKE
164305410295882_2086621124730958,10158921845105627,LIKE
164305410295882_2086621124730958,1932875103664974,LOVE
164305410295882_2086621124730958,1250985161677127,LIKE
164305410295882_2086621124730958,1594004017284889,LIKE
164305410295882_2086621124730958,465879747099478,LIKE
164305410295882_2086621124730958,1988409984727615,LIKE
164305410295882_2086621124730958,10208879262251394,LIKE
164305410295882_2086621124730958,1816099642034875,HAHA
164305410295882_2086621124730958,10154691979783365,LIKE
164305410295882_2086621124730958,10158940949580111,LIKE
164305410295882_2086621124730958,1343128589069035,LOVE
164305410295882_2086621124730958,10213931218738559,LIKE
164305410295882_2086621124730958,10208522488412704,LOVE
164305410295882_2086621124730958,10214011189013039,LIKE
164305410295882_2086621124730958,10155507236673928,LIKE
164305410295882_2086621124730958,1612333292131064,LIKE
164305410295882_2086621124730958,10211249313563126,LIKE
164305410295882_2086621124730958,10154809492618505,LIKE
164305410295882_2086621124730958,10214067519189139,LIKE
164305410295882_2086621124730958,646711825522386,LIKE
164305410295882_2086621124730958,851193475032192,LOVE
164305410295882_2086621124730958,889644821183792,LIKE
164305410295882_2086621124730958,1617241311642235,LIKE
164305410295882_2086621124730958,1598365946864955,LIKE
164305410295882_2086621124730958,10213886799232523,LIKE
164305410295882_2086621124730958,658088927723915,LIKE
164305410295882_2086621124730958,489847064691520,LIKE
164305410295882_2086621124730958,1761165350567123,LIKE
164305410295882_2086621124730958,1554840921254409,WOW
164305410295882_2086621124730958,1580838138602217,LIKE
164305410295882_2086621124730958,10209409369016557,LIKE
164305410295882_2086621124730958,1931444823738403,LIKE
164305410295882_2086621124730958,10213015282435247,LIKE
164305410295882_2086621124730958,10158956637095506,SAD
164305410295882_2086621124730958,1641271225944260,LIKE
164305410295882_2086621124730958,1518490214877135,LIKE
164305410295882_2086621124730958,10211664736847526,LIKE
164305410295882_2086621124730958,473252939674594,LIKE
164305410295882_2086621124730958,808368939326943,LIKE
164305410295882_2086621124730958,864183987095183,LIKE
164305410295882_2086621124730958,10214169097929975,LIKE
164305410295882_2086621124730958,246989979133069,LOVE
164305410295882_2086621124730958,782643435228466,LIKE
164305410295882_2086621124730958,1278891108888807,LIKE
164305410295882_2086621124730958,1172032822901804,LIKE
164305410295882_2086621124730958,685059328350030,LIKE
164305410295882_2086621124730958,1720083658016653,LIKE
164305410295882_2086621124730958,1598715220152309,LOVE
164305410295882_2086621124730958,857622647720368,LIKE
164305410295882_2086621124730958,10159106331645226,LIKE
164305410295882_2086621124730958,1410559878989915,LOVE
164305410295882_2086621124730958,10155390685105050,LOVE
164305410295882_2086621124730958,1493884357345141,LIKE
164305410295882_2086621124730958,10155489404547265,LIKE
164305410295882_2086621124730958,10213687280631818,LIKE
164305410295882_2086621124730958,1478744708883354,LIKE
164305410295882_2086621124730958,1912442719043127,LIKE
164305410295882_2086621124730958,324870924592188,LIKE
164305410295882_2086621124730958,1400261100061287,LIKE
164305410295882_2086621124730958,930069850495885,LIKE
164305410295882_2086621124730958,875501429265500,LOVE
164305410295882_2086621124730958,10213594121987172,LIKE
164305410295882_2086621124730958,282809465527327,LIKE
164305410295882_2086621124730958,1536210206436813,LIKE
164305410295882_2086621124730958,10154448615130793,LOVE
164305410295882_2086621124730958,1413212115401283,LIKE
164305410295882_2086621124730958,1569861449713983,LIKE
164305410295882_2086621124730958,709489265904069,LIKE
164305410295882_2086621124730958,1256162877845287,LIKE
164305410295882_2086621124730958,835022610006098,LIKE
164305410295882_2086621124730958,10155321846721425,LOVE
164305410295882_2086621124730958,1152142851557613,LIKE
164305410295882_2086621124730958,1601928219820270,ANGRY
164305410295882_2086621124730958,240686369778589,LIKE
164305410295882_2086621124730958,10209943980091215,LIKE
164305410295882_2086621124730958,1627990993901662,LIKE
164305410295882_2086621124730958,10155681342611264,LIKE
164305410295882_2086621124730958,1404389812981977,LIKE
164305410295882_2086621124730958,10211988829070535,LIKE
164305410295882_2086621124730958,10154802062731647,LIKE
164305410295882_2086621124730958,1369204603164440,LIKE
164305410295882_2086621124730958,10210024869843076,LIKE
164305410295882_2086621124730958,1918341078435131,LIKE
164305410295882_2086621124730958,10155419230981753,LOVE
164305410295882_2086621124730958,10209587047461154,LIKE
164305410295882_2086621124730958,10213567937218646,LIKE
164305410295882_2086621124730958,1369137953135128,LIKE
164305410295882_2086621124730958,1487265894630270,LIKE
164305410295882_2086621124730958,1447834835254858,LIKE
164305410295882_2086621124730958,1450388551675055,LIKE
164305410295882_2086621124730958,1867779063238033,LIKE
164305410295882_2086621124730958,1404506712936749,LIKE
164305410295882_2086621124730958,1974880132745458,LIKE
164305410295882_2086621124730958,10211034031820537,LIKE
164305410295882_2086621124730958,1670209646369763,LIKE
164305410295882_2086621124730958,10210202838691582,WOW
164305410295882_2086621124730958,10155606526438319,LIKE
164305410295882_2086621124730958,1476102732433273,LIKE
164305410295882_2086621124730958,1475625225814381,LIKE
164305410295882_2086621124730958,1788551158072507,LIKE
164305410295882_2086621124730958,1324079111042776,LIKE
164305410295882_2086621124730958,1550023728381608,LIKE
164305410295882_2086621124730958,1787348361276170,LIKE
164305410295882_2086621124730958,1401352949956010,LIKE
164305410295882_2086621124730958,973663809438178,LIKE
164305410295882_2086621124730958,1937278193223346,LIKE
164305410295882_2086621124730958,1119697058174311,LIKE
164305410295882_2086621124730958,10155286229286278,LIKE
164305410295882_2086621124730958,10213636919303050,LOVE
164305410295882_2086621124730958,10211542071081712,LIKE
164305410295882_2086621124730958,10210045815203997,LIKE
164305410295882_2086621124730958,1494941707243426,LIKE
164305410295882_2086621124730958,10155288559720498,LIKE
164305410295882_2086621124730958,10156322216728452,LIKE
164305410295882_2086621124730958,344313222653931,LIKE
164305410295882_2086621124730958,310272502730409,LIKE
164305410295882_2086621124730958,1877606715586627,LIKE
164305410295882_2086621124730958,10213249672546985,LIKE
164305410295882_2086621124730958,1965864973439449,LIKE
164305410295882_2086621124730958,10158884498585175,LIKE
164305410295882_2086621124730958,1907748032770254,LIKE
164305410295882_2086621124730958,10213496651720172,LIKE
164305410295882_2086621124730958,1348801431835882,LIKE
164305410295882_2086621124730958,10158960084400494,LIKE
164305410295882_2086621124730958,1245526828903531,LOVE
164305410295882_2086621124730958,739138262955874,LIKE
164305410295882_2086621124730958,1774123195933011,LIKE
164305410295882_2086621124730958,10154997170102636,LIKE
164305410295882_2086621124730958,1797941450496265,LIKE
164305410295882_2086621124730958,685296968326484,LIKE
164305410295882_2086621124730958,1475301129159943,LIKE
164305410295882_2086621124730958,1605949699457083,LIKE
164305410295882_2086621124730958,10211920548627697,LIKE
164305410295882_2086621124730958,10209308172889418,LIKE
164305410295882_2086621124730958,1424475080962400,LIKE
164305410295882_2086621124730958,10213558002772336,LIKE
164305410295882_2086621124730958,1547878388590723,LIKE
164305410295882_2086621124730958,1898061503785699,LIKE
164305410295882_2086621124730958,10154569597930951,LIKE
164305410295882_2086621124730958,1697248520570860,LIKE
164305410295882_2086621124730958,248515595649562,LIKE
164305410295882_2086621124730958,1907356446207156,LOVE
164305410295882_2086621124730958,1368227736625725,LIKE
164305410295882_2086621124730958,327956470977011,LIKE
164305410295882_2086621124730958,10213304591627664,LIKE
164305410295882_2086621124730958,1538100296248545,LIKE
164305410295882_2086621124730958,1481377455218253,LIKE
164305410295882_2086621124730958,338949409859489,LIKE
164305410295882_2086621124730958,10211014739778410,LIKE
164305410295882_2086621124730958,10212006444369653,LIKE
164305410295882_2086621124730958,482102562123530,LOVE
164305410295882_2086621124730958,755208504684159,LIKE
164305410295882_2086621124730958,1479249338780242,LOVE
164305410295882_2086621124730958,1045472788922055,LIKE
164305410295882_2086621124730958,1717581278255530,LIKE
164305410295882_2086621124730958,1622751044415174,LIKE
164305410295882_2086621124730958,1992776834276580,LOVE
164305410295882_2086621124730958,10212545430807357,LOVE
164305410295882_2086621124730958,10213895409443317,LOVE
164305410295882_2086621124730958,233335953842233,LIKE
164305410295882_2086621124730958,1235084963267944,LIKE
164305410295882_2086621124730958,1860226637633647,LIKE
164305410295882_2086621124730958,2001796340041384,LIKE
164305410295882_2086621124730958,1127428930721453,LOVE
164305410295882_2086621124730958,1467137209992127,LIKE
164305410295882_2086621124730958,1791364684507637,LIKE
164305410295882_2086621124730958,1752266278152471,LIKE
164305410295882_2086621124730958,10213827620352870,LIKE
164305410295882_2086621124730958,10155530465620238,LIKE
164305410295882_2086621124730958,283487502118849,LIKE
164305410295882_2086621124730958,1686147081426269,LIKE
164305410295882_2086621124730958,10158904449005114,LIKE
164305410295882_2086621124730958,10156848498932925,LOVE
164305410295882_2086621124730958,10211311505638327,LOVE
164305410295882_2086621124730958,1861492874114935,LIKE
164305410295882_2086621124730958,10209626403233245,LIKE
164305410295882_2086621124730958,1414083021994739,LIKE
164305410295882_2086621124730958,1517586608306098,LIKE
164305410295882_2086621124730958,10207255614107814,LIKE
164305410295882_2086621124730958,1267200200072791,LIKE
164305410295882_2086621124730958,1375423789161315,ANGRY
164305410295882_2086621124730958,1509585992438713,LIKE
164305410295882_2086621124730958,1518931024832615,LIKE
164305410295882_2086621124730958,1537427306288586,LIKE
164305410295882_2086621124730958,1583123591754524,LIKE
164305410295882_2086621124730958,1403526499723712,LOVE
164305410295882_2086621124730958,247942905703127,LIKE
164305410295882_2086621124730958,1509986232356569,SAD
164305410295882_2086621124730958,1941602369430378,LIKE
164305410295882_2086621124730958,1341872169242836,LIKE
164305410295882_2086621124730958,1220761488033737,LIKE
164305410295882_2086621124730958,747575382113448,LIKE
164305410295882_2086621124730958,1734913869853962,WOW
164305410295882_2086621124730958,1426715760756078,LIKE
164305410295882_2086621124730958,10209169193099931,LIKE
164305410295882_2086621124730958,10154934503147632,LIKE
164305410295882_2086621124730958,1375377762577868,LIKE
164305410295882_2086621124730958,1980508005513603,LIKE
164305410295882_2086621124730958,10155487144434704,LIKE
164305410295882_2086621124730958,1414817161944835,LOVE
164305410295882_2086621124730958,10213887275526763,LIKE
164305410295882_2086621124730958,10155553306137962,LIKE
164305410295882_2086621124730958,1896780950647331,LIKE
164305410295882_2086621124730958,10207306697225445,LIKE
164305410295882_2086621124730958,1580989858639867,LIKE
164305410295882_2086621124730958,1411525485560276,LIKE
164305410295882_2086621124730958,1370115749763036,LIKE
164305410295882_2086621124730958,10154987984226339,LIKE
164305410295882_2086621124730958,1371208642969982,LIKE
164305410295882_2086621124730958,10213593387053577,LIKE
164305410295882_2086621124730958,10209538456681362,LIKE
164305410295882_2086621124730958,1405510912866392,LIKE
164305410295882_2086621124730958,1630500103650794,LIKE
164305410295882_2086621124730958,877939595687029,LIKE
164305410295882_2086621124730958,1589169164488580,LIKE
164305410295882_2086621124730958,10154821809160017,LOVE
164305410295882_2086621124730958,1998605297084647,LIKE
164305410295882_2086621124730958,10211625323462453,LOVE
164305410295882_2086621124730958,10158927189525414,LIKE
164305410295882_2086621124730958,10211676013488714,LIKE
164305410295882_2086621124730958,1384914251590185,WOW
164305410295882_2086621124730958,10209749521191141,LIKE
164305410295882_2086621124730958,10213699924033477,LIKE
164305410295882_2086621124730958,2322379574654897,LIKE
164305410295882_2086621124730958,541358882654534,LOVE
164305410295882_2086621124730958,1843255835701339,LIKE
164305410295882_2086621124730958,1925613717694833,LIKE
164305410295882_2086621124730958,1782433825107026,LIKE
164305410295882_2086621124730958,1756295091055320,LOVE
164305410295882_2086621124730958,10213903596249855,LIKE
164305410295882_2086621124730958,1569908439718043,LIKE
164305410295882_2086621124730958,1223783194417648,LIKE
164305410295882_2086621124730958,1577988915606818,LIKE
164305410295882_2086621124730958,10213665707222095,LOVE
164305410295882_2086621124730958,10154686105588862,LIKE
164305410295882_2086621124730958,1380782985348148,LIKE
164305410295882_2086621124730958,10100120148490025,LIKE
164305410295882_2086621124730958,745568112293897,LOVE
164305410295882_2086621124730958,1631127466929782,LIKE
164305410295882_2086621124730958,10210087035000051,LIKE
164305410295882_2086621124730958,1401574646563689,LIKE
164305410295882_2086621124730958,485658071777961,LIKE
164305410295882_2086621124730958,10212839680408021,LOVE
164305410295882_2086621124730958,1559099210791487,LOVE
164305410295882_2086621124730958,1460097764036811,LIKE
164305410295882_2086621124730958,820880581413116,LIKE
164305410295882_2086621124730958,10158980865910504,LIKE
164305410295882_2086621124730958,10209590210901297,LOVE
164305410295882_2086621124730958,10154835676869001,LIKE
164305410295882_2086621124730958,244459452737045,LIKE
164305410295882_2086621124730958,10213579216133820,LIKE
164305410295882_2086621124730958,1598599326841289,LIKE
164305410295882_2086621124730958,1467380083328235,LIKE
164305410295882_2086621124730958,451890418496237,LIKE
164305410295882_2086621124730958,1617615414916220,LIKE
164305410295882_2086621124730958,860713094094696,SAD
164305410295882_2086621124730958,10154891240273460,LIKE
164305410295882_2086621124730958,10156334595987738,LIKE
164305410295882_2086621124730958,1349262028476828,LIKE
164305410295882_2086621124730958,455366138173366,LIKE
164305410295882_2086621124730958,1044265605704746,LIKE
164305410295882_2086621124730958,1627935507225643,LIKE
164305410295882_2086621124730958,971260016350477,LIKE
164305410295882_2086621124730958,10213757291429264,LIKE
164305410295882_2086621124730958,1496082167124595,LOVE
164305410295882_2086621124730958,1521804661246251,LIKE
164305410295882_2086621124730958,10155443392703851,LOVE
164305410295882_2086621124730958,1446952758725548,LIKE
164305410295882_2086621124730958,781226415391196,LIKE
164305410295882_2086621124730958,10155540936047769,LIKE
164305410295882_2086621124730958,1602304769800910,LIKE
164305410295882_2086621124730958,10155375507424647,LIKE
164305410295882_2086621124730958,10212725439160529,LIKE
164305410295882_2086621124730958,1590904330920822,LIKE
164305410295882_2086621124730958,10214468134164161,LIKE
164305410295882_2086621124730958,1427906737303615,WOW
164305410295882_2086621124730958,1630211087009993,LOVE
164305410295882_2086621124730958,1395346430541652,LIKE
164305410295882_2086621124730958,870942019724229,LIKE
164305410295882_2086621124730958,1884620518456222,WOW
164305410295882_2086621124730958,1720451664651620,LIKE
164305410295882_2086621124730958,1445784038836748,LIKE
164305410295882_2086621124730958,1884580515117550,LIKE
164305410295882_2086621124730958,10154730580000418,LIKE
164305410295882_2086621124730958,1458155600908204,LIKE
164305410295882_2086621124730958,10159078415145691,HAHA
164305410295882_2086621124730958,315406992238557,LOVE
164305410295882_2086621124730958,10154523259276962,LIKE
164305410295882_2086621124730958,10155524209846803,SAD
164305410295882_2086621124730958,10158888110345244,WOW
164305410295882_2086621124730958,10158797810055618,LIKE
164305410295882_2086621124730958,1366697206747984,LIKE
164305410295882_2086621124730958,10207526824129105,LIKE
164305410295882_2086621124730958,2321123931446825,LOVE
164305410295882_2086621124730958,10155413466029477,LIKE
164305410295882_2086621124730958,10213125922407825,LIKE
164305410295882_2086621124730958,10154382814082757,LIKE
164305410295882_2086621124730958,1575947589112994,LOVE
164305410295882_2086621124730958,10156848498937925,LIKE
164305410295882_2086621124730958,688052471403559,LOVE
164305410295882_2086621124730958,1514073075321775,LIKE
164305410295882_2086621124730958,1435085466585545,LIKE
164305410295882_2086621124730958,10208959771503307,LIKE
164305410295882_2086621124730958,2339678882924236,LOVE
164305410295882_2086621124730958,1616997761664918,LIKE
164305410295882_2086621124730958,10154713042881884,LIKE
164305410295882_2086621124730958,406139576453857,LIKE
164305410295882_2086621124730958,1582420135104280,WOW
164305410295882_2086621124730958,1821671377859704,LIKE
164305410295882_2086621124730958,10212531828231739,LIKE
164305410295882_2086621124730958,1408130572596636,LIKE
164305410295882_2086621124730958,1570345149704784,ANGRY
164305410295882_2086621124730958,1277968438967977,LIKE
164305410295882_2086621124730958,10154961861813802,LIKE
164305410295882_2086621124730958,10155520430169490,LIKE
164305410295882_2086621124730958,695421000652259,LIKE
164305410295882_2086621124730958,1119921144806850,LIKE
164305410295882_2086621124730958,1379105862207639,LIKE
164305410295882_2086621124730958,861140534036503,LIKE
164305410295882_2086621124730958,1426256520788812,LIKE
164305410295882_2086621124730958,1627495160614959,LOVE
164305410295882_2086621124730958,1414770055279640,LIKE
164305410295882_2086621124730958,1574320325960634,LIKE
164305410295882_2086621124730958,10213348384854153,LIKE
164305410295882_2086621124730958,1112916828808112,LIKE
164305410295882_2086621124730958,10154788780422081,LIKE
164305410295882_2086621124730958,1221676347960619,LIKE
164305410295882_2086621124730958,10155463005127486,LIKE
164305410295882_2086621124730958,1337434536377847,LIKE
164305410295882_2086621124730958,10158852723520237,LIKE
164305410295882_2086621124730958,808043792694513,WOW
164305410295882_2086621124730958,10154400298911371,LOVE
164305410295882_2086621124730958,10158954635320174,LIKE
164305410295882_2086621124730958,1593504374017803,LIKE
164305410295882_2086621124730958,1251081175017261,LIKE
164305410295882_2086621124730958,10213522125797042,LIKE
164305410295882_2086621124730958,1407674532641819,LOVE
164305410295882_2086621124730958,10209296656525985,LIKE
164305410295882_2086621124730958,1566966150003160,LIKE
164305410295882_2086621124730958,1300131473375310,LOVE
164305410295882_2086621124730958,10209847066240024,LIKE
164305410295882_2086621124730958,10212935501318743,LIKE
164305410295882_2086621124730958,848288238654287,LIKE
164305410295882_2086621124730958,1434632233241419,LIKE
164305410295882_2086621124730958,2615945618629937,LIKE
164305410295882_2086621124730958,958602340947075,LIKE
164305410295882_2086621124730958,10212092766426472,LIKE
164305410295882_2086621124730958,10155111869384230,LIKE
164305410295882_2086621124730958,10156388609402729,LIKE
164305410295882_2086621124730958,10101267224416147,LOVE
164305410295882_2086621124730958,443140779417729,LIKE
164305410295882_2086621124730958,1453711258026881,LIKE
164305410295882_2086621124730958,1362845293830523,LOVE
164305410295882_2086621124730958,1488623091198785,LIKE
164305410295882_2086621124730958,1421289064605635,LOVE
164305410295882_2086621124730958,10155678397998254,LIKE
164305410295882_2086621124730958,10155555257097009,LIKE
164305410295882_2086621124730958,1615834031762471,WOW
164305410295882_2086621124730958,10155291367460734,LOVE
164305410295882_2086621124730958,10212858100503596,LIKE
164305410295882_2086621124730958,10158852829350104,LIKE
164305410295882_2086621124730958,1414860458591746,LIKE
164305410295882_2086621124730958,795119414002028,LIKE
164305410295882_2086621124730958,238217926685653,LIKE
164305410295882_2086621124730958,10156299954318835,SAD
164305410295882_2086621124730958,759472954220970,LOVE
164305410295882_2086621124730958,10155298856431826,ANGRY
164305410295882_2086621124730958,10155425162904898,LIKE
164305410295882_2086621124730958,362965917452864,LIKE
164305410295882_2086621124730958,10155600862814363,LIKE
164305410295882_2086621124730958,685310935003589,LOVE
164305410295882_2086621124730958,1132196250213825,LIKE
164305410295882_2086621124730958,10154549452011671,LOVE
164305410295882_2086621124730958,1126150214153697,LIKE
164305410295882_2086621124730958,477697959239102,LIKE
164305410295882_2086621124730958,1286848204761136,LIKE
164305410295882_2086621124730958,10207814431753526,LIKE
164305410295882_2086621124730958,10158901446220514,LIKE
164305410295882_2086621124730958,391225911271725,LOVE
164305410295882_2086621124730958,203954986797069,LIKE
164305410295882_2086621124730958,10156358498498858,LIKE
164305410295882_2086621124730958,287143755092148,LIKE
164305410295882_2086621124730958,1776831369000470,LIKE
164305410295882_2086621124730958,1099972210131683,LOVE
164305410295882_2086621124730958,10213291622031459,LIKE
164305410295882_2086621124730958,857201607766439,LIKE
164305410295882_2086621124730958,1291288907657378,LIKE
164305410295882_2086621124730958,456639481358400,LOVE
164305410295882_2086621124730958,1778984162117532,LIKE
164305410295882_2086621124730958,10213405668277111,LIKE
164305410295882_2086621124730958,827179750783031,LOVE
164305410295882_2086621124730958,1720156734666590,LIKE
164305410295882_2086621124730958,1467006093337968,LIKE
164305410295882_2086621124730958,1311075462342461,LIKE
