parent_id,id,type
165348596842143_1434743636569293,10152845439614952,LIKE
165348596842143_1434743636569293,10153624142505661,LIKE
165348596842143_1434743636569293,716328625123746,SAD
165348596842143_1434743636569293,10206201686218563,LIKE
165348596842143_1434743636569293,642093252550327,HAHA
165348596842143_1434743636569293,552515424868533,LIKE
165348596842143_1434743636569293,10152493211709013,LIKE
165348596842143_1434743636569293,10153821408949829,LIKE
165348596842143_1434743636569293,885978564753565,LIKE
165348596842143_1434743636569293,357866734557848,LOVE
165348596842143_1434743636569293,887881667924711,LOVE
165348596842143_1434743636569293,10205158075102380,LIKE
165348596842143_1434743636569293,762297287189508,LIKE
165348596842143_1434743636569293,10152136640312833,LIKE
165348596842143_1434743636569293,10152099984190843,SAD
165348596842143_1434743636569293,955035974522814,LIKE
165348596842143_1434743636569293,10202454241815722,LIKE
165348596842143_1434743636569293,10153127872773679,LIKE
165348596842143_1434743636569293,615779371845110,LIKE
165348596842143_1434743636569293,623311091093569,ANGRY
165348596842143_1434743636569293,10203564841696018,ANGRY
165348596842143_1434743636569293,10152641514106772,LOVE
165348596842143_1434743636569293,10153420649860864,LOVE
165348596842143_1434743636569293,10204503980073796,ANGRY
165348596842143_1434743636569293,10152377904695474,LIKE
165348596842143_1434743636569293,495796903908814,LIKE
165348596842143_1434743636569293,10205151283205377,LIKE
165348596842143_1434743636569293,10202519982133522,ANGRY
165348596842143_1434743636569293,10202938146751235,LIKE
165348596842143_1434743636569293,10152266052587470,LIKE
165348596842143_1434743636569293,10153039531168628,LIKE
165348596842143_1434743636569293,1723428114557027,LIKE
165348596842143_1434743636569293,300351596815199,LOVE
165348596842143_1434743636569293,822872351083544,LIKE
165348596842143_1434743636569293,727097504066677,LIKE
165348596842143_1434743636569293,834693706563160,LIKE
165348596842143_1434743636569293,545830728856047,LIKE
165348596842143_1434743636569293,1496393183916051,LIKE
165348596842143_1434743636569293,816988608353218,LIKE
165348596842143_1434743636569293,303482109853605,LIKE
165348596842143_1434743636569293,141266896270438,LIKE
165348596842143_1434743636569293,445751102227220,LIKE
165348596842143_1434743636569293,1231774396933092,LIKE
165348596842143_1434743636569293,10152512360424319,ANGRY
165348596842143_1434743636569293,873072339376324,ANGRY
165348596842143_1434743636569293,10152467141253854,LIKE
165348596842143_1434743636569293,595363357226935,LIKE
165348596842143_1434743636569293,826116587474257,LIKE
165348596842143_1434743636569293,10204009376584272,ANGRY
165348596842143_1434743636569293,10155314802555258,LIKE
165348596842143_1434743636569293,954371967922424,LIKE
165348596842143_1434743636569293,10152321701177356,LOVE
165348596842143_1434743636569293,872833702746971,LIKE
165348596842143_1434743636569293,785261501484280,LIKE
165348596842143_1434743636569293,10205298783219399,LIKE
165348596842143_1434743636569293,10203101744839670,LIKE
165348596842143_1434743636569293,553986458074451,LIKE
165348596842143_1434743636569293,716386505091148,WOW
165348596842143_1434743636569293,10153564931993659,LIKE
165348596842143_1434743636569293,457817154321658,LIKE
165348596842143_1434743636569293,767551450003907,LIKE
165348596842143_1434743636569293,10152311152676998,ANGRY
165348596842143_1434743636569293,10153075952628724,LIKE
165348596842143_1434743636569293,10203267953236680,ANGRY
165348596842143_1434743636569293,855918154477850,LIKE
165348596842143_1434743636569293,1395883280717284,LIKE
165348596842143_1434743636569293,237376893308634,LIKE
165348596842143_1434743636569293,10203232991179644,LIKE
165348596842143_1434743636569293,148815822297442,LIKE
165348596842143_1434743636569293,10203671779623948,LIKE
165348596842143_1434743636569293,1625016471069319,LIKE
165348596842143_1434743636569293,10152133676021088,LIKE
165348596842143_1434743636569293,629228923827289,LIKE
165348596842143_1434743636569293,10204555236354176,LIKE
165348596842143_1434743636569293,832176923499983,LIKE
165348596842143_1434743636569293,239256496493033,LIKE
165348596842143_1434743636569293,10152373096026565,LOVE
165348596842143_1434743636569293,10202736208198781,LIKE
165348596842143_1434743636569293,500852490042483,LIKE
165348596842143_1434743636569293,10154134796655171,LOVE
165348596842143_1434743636569293,10155114130175173,LIKE
165348596842143_1434743636569293,10152712556091005,ANGRY
165348596842143_1434743636569293,385554054915681,LOVE
165348596842143_1434743636569293,10152845027278413,LOVE
165348596842143_1434743636569293,10153251044381258,LIKE
165348596842143_1434743636569293,1520280034907874,LIKE
165348596842143_1434743636569293,833515896680842,LIKE
165348596842143_1434743636569293,926278084082868,SAD
165348596842143_1434743636569293,10202365091633518,LIKE
165348596842143_1434743636569293,10203706881822534,ANGRY
165348596842143_1434743636569293,329320123928240,LIKE
165348596842143_1434743636569293,952951374728852,LIKE
165348596842143_1434743636569293,10153332722128782,ANGRY
165348596842143_1434743636569293,931197673559252,LIKE
165348596842143_1434743636569293,859968387353947,LIKE
165348596842143_1434743636569293,776490029094719,LIKE
165348596842143_1434743636569293,1493799517528863,LIKE
165348596842143_1434743636569293,646454652134750,LIKE
165348596842143_1434743636569293,771163032915549,LIKE
165348596842143_1434743636569293,770509982979568,LIKE
165348596842143_1434743636569293,1154415134664512,LIKE
165348596842143_1434743636569293,10154018675685231,LIKE
165348596842143_1434743636569293,10152530564186563,SAD
165348596842143_1434743636569293,863744580319413,LIKE
165348596842143_1434743636569293,639685559478503,LOVE
165348596842143_1434743636569293,10202971906082509,SAD
165348596842143_1434743636569293,1553712154864810,LIKE
165348596842143_1434743636569293,10204527063869929,LIKE
165348596842143_1434743636569293,10201595549122090,LIKE
165348596842143_1434743636569293,493244000818642,LIKE
165348596842143_1434743636569293,124639234537495,ANGRY
165348596842143_1434743636569293,1482612468727176,LIKE
165348596842143_1434743636569293,1041537672527266,LIKE
165348596842143_1434743636569293,612218805535847,LIKE
165348596842143_1434743636569293,776183099072294,LIKE
165348596842143_1434743636569293,10152363044662507,LIKE
165348596842143_1434743636569293,1286251404752546,SAD
165348596842143_1434743636569293,867974106597594,LIKE
165348596842143_1434743636569293,10152925436789797,LOVE
165348596842143_1434743636569293,719039234808601,LIKE
165348596842143_1434743636569293,10152154605463068,LIKE
165348596842143_1434743636569293,10152728415582463,LIKE
165348596842143_1434743636569293,10152616656542889,LIKE
165348596842143_1434743636569293,10152415553104515,LIKE
165348596842143_1434743636569293,10152447720825755,LIKE
165348596842143_1434743636569293,10204898439793903,LIKE
165348596842143_1434743636569293,679991682042679,LIKE
165348596842143_1434743636569293,166857317142640,HAHA
165348596842143_1434743636569293,10154400399720402,LIKE
165348596842143_1434743636569293,1589935151276912,LIKE
165348596842143_1434743636569293,10152300751138726,HAHA
165348596842143_1434743636569293,10204513930481428,ANGRY
165348596842143_1434743636569293,10152298925443461,ANGRY
165348596842143_1434743636569293,669772696402375,ANGRY
165348596842143_1434743636569293,10154139055265392,LOVE
165348596842143_1434743636569293,1052238074808106,SAD
165348596842143_1434743636569293,10153140556877575,ANGRY
165348596842143_1434743636569293,965189186838927,ANGRY
165348596842143_1434743636569293,10152861292431005,LOVE
165348596842143_1434743636569293,1650200428598951,HAHA
165348596842143_1434743636569293,876028439105876,LIKE
165348596842143_1434743636569293,10152452449118481,HAHA
165348596842143_1434743636569293,622992241121568,LIKE
165348596842143_1434743636569293,10208195471938160,ANGRY
165348596842143_1434743636569293,973073262725962,LIKE
165348596842143_1434743636569293,10152372945029819,LIKE
165348596842143_1434743636569293,657038351080237,LIKE
165348596842143_1434743636569293,1547294272253368,LIKE
165348596842143_1434743636569293,777975198888256,LIKE
165348596842143_1434743636569293,276969019161135,LIKE
165348596842143_1434743636569293,758272830863583,LIKE
165348596842143_1434743636569293,10204415066801133,LIKE
165348596842143_1434743636569293,837933219611818,LIKE
165348596842143_1434743636569293,10153927110034022,ANGRY
165348596842143_1434743636569293,1436386043332882,LIKE
165348596842143_1434743636569293,1024254814253433,LIKE
165348596842143_1434743636569293,10205423612450410,LIKE
165348596842143_1434743636569293,10205669074384684,LOVE
165348596842143_1434743636569293,10152961921216429,LIKE
165348596842143_1434743636569293,1176211602394519,LIKE
165348596842143_1434743636569293,636185086458165,LIKE
165348596842143_1434743636569293,577033812403711,LIKE
165348596842143_1434743636569293,627847590641099,LIKE
165348596842143_1434743636569293,823373607696490,LIKE
165348596842143_1434743636569293,10153257164322892,LIKE
165348596842143_1434743636569293,719980091357845,LIKE
165348596842143_1434743636569293,879495722060572,ANGRY
165348596842143_1434743636569293,10152883888672607,LIKE
165348596842143_1434743636569293,10153434618482178,LIKE
165348596842143_1434743636569293,10202978810006568,LIKE
165348596842143_1434743636569293,1682087198719816,LIKE
165348596842143_1434743636569293,10205498502405257,SAD
165348596842143_1434743636569293,10206114333430939,ANGRY
165348596842143_1434743636569293,1593211047571587,ANGRY
165348596842143_1434743636569293,845645222119676,LIKE
165348596842143_1434743636569293,10201862560512835,LIKE
165348596842143_1434743636569293,823098804403839,LIKE
165348596842143_1434743636569293,10152267795314900,LIKE
165348596842143_1434743636569293,10152786792241142,LIKE
165348596842143_1434743636569293,10203839916222890,LIKE
165348596842143_1434743636569293,10152473110074671,LIKE
165348596842143_1434743636569293,10152100474247913,ANGRY
165348596842143_1434743636569293,10203721280937335,LIKE
165348596842143_1434743636569293,10152509870319258,LIKE
165348596842143_1434743636569293,10153096112693795,LIKE
165348596842143_1434743636569293,304259479966341,LIKE
165348596842143_1434743636569293,10205076765898011,LOVE
165348596842143_1434743636569293,10152523163234245,LIKE
165348596842143_1434743636569293,930560413677926,LIKE
165348596842143_1434743636569293,10152090271206238,LIKE
165348596842143_1434743636569293,755541564518949,SAD
165348596842143_1434743636569293,10205180607576333,LIKE
165348596842143_1434743636569293,10153002698492637,LIKE
165348596842143_1434743636569293,1507790762770888,LIKE
165348596842143_1434743636569293,10152300976635758,LIKE
165348596842143_1434743636569293,10203354476199699,LIKE
165348596842143_1434743636569293,10154156638789057,LIKE
165348596842143_1434743636569293,10151733412459567,LIKE
165348596842143_1434743636569293,10152297892515490,ANGRY
165348596842143_1434743636569293,10101957703912552,ANGRY
165348596842143_1434743636569293,1493770017571988,LIKE
165348596842143_1434743636569293,10152419303709853,LIKE
165348596842143_1434743636569293,628450963904612,LIKE
165348596842143_1434743636569293,10151954840530388,LIKE
165348596842143_1434743636569293,565053080290722,LIKE
165348596842143_1434743636569293,10205085542523682,LIKE
165348596842143_1434743636569293,496010983855660,LIKE
165348596842143_1434743636569293,922152531154211,LIKE
165348596842143_1434743636569293,665597386841931,LIKE
165348596842143_1434743636569293,10152721650723888,ANGRY
165348596842143_1434743636569293,989632821169195,LIKE
165348596842143_1434743636569293,10204922016628910,LIKE
165348596842143_1434743636569293,4119785088450,LOVE
165348596842143_1434743636569293,10152374745083034,LIKE
165348596842143_1434743636569293,10202024226787549,ANGRY
165348596842143_1434743636569293,10206419586742151,LIKE
165348596842143_1434743636569293,10152744753015448,SAD
165348596842143_1434743636569293,1427038194288214,LIKE
165348596842143_1434743636569293,10206804582175465,LIKE
165348596842143_1434743636569293,10202021270961042,LIKE
165348596842143_1434743636569293,10155663835810010,LIKE
165348596842143_1434743636569293,720756571330485,ANGRY
165348596842143_1434743636569293,777581305628526,LIKE
165348596842143_1434743636569293,711175562252100,LIKE
165348596842143_1434743636569293,584313175000273,LIKE
165348596842143_1434743636569293,4787363537930,LIKE
165348596842143_1434743636569293,758357414301357,LIKE
165348596842143_1434743636569293,10152065424383193,LIKE
165348596842143_1434743636569293,10202526592714219,LIKE
165348596842143_1434743636569293,760228363997920,LIKE
165348596842143_1434743636569293,1404273523226491,LIKE
165348596842143_1434743636569293,10205062164103501,LIKE
165348596842143_1434743636569293,807623896020127,LIKE
165348596842143_1434743636569293,611332615618771,LIKE
165348596842143_1434743636569293,712858445402976,LIKE
165348596842143_1434743636569293,10206373233236067,LIKE
165348596842143_1434743636569293,876622009086736,LIKE
165348596842143_1434743636569293,10203484021444585,LIKE
165348596842143_1434743636569293,783539001704660,LOVE
165348596842143_1434743636569293,10154090856320788,LIKE
165348596842143_1434743636569293,904507322927471,LOVE
165348596842143_1434743636569293,676211539128743,LIKE
165348596842143_1434743636569293,784806644897376,LOVE
165348596842143_1434743636569293,678019942286913,LIKE
165348596842143_1434743636569293,10154726408750643,WOW
165348596842143_1434743636569293,738879036212265,LIKE
165348596842143_1434743636569293,10204104683920187,LIKE
165348596842143_1434743636569293,1534004126855877,LIKE
165348596842143_1434743636569293,10155119341045327,LIKE
165348596842143_1434743636569293,10204011022334622,SAD
165348596842143_1434743636569293,10102075579988053,ANGRY
165348596842143_1434743636569293,10201750751876109,LIKE
165348596842143_1434743636569293,803689236362104,LIKE
165348596842143_1434743636569293,819285094761032,LIKE
165348596842143_1434743636569293,1560276077518669,LIKE
165348596842143_1434743636569293,10152544575766422,WOW
165348596842143_1434743636569293,10203206101411198,LOVE
165348596842143_1434743636569293,10100192531667161,ANGRY
165348596842143_1434743636569293,10153626364592137,LIKE
165348596842143_1434743636569293,10205626548849972,LOVE
165348596842143_1434743636569293,1008367449177688,LIKE
165348596842143_1434743636569293,452684574862824,LOVE
165348596842143_1434743636569293,829006257191075,LIKE
165348596842143_1434743636569293,373639222791427,LIKE
165348596842143_1434743636569293,10205226001911071,LIKE
165348596842143_1434743636569293,10151919848075736,WOW
165348596842143_1434743636569293,884295571597673,LIKE
165348596842143_1434743636569293,304937456373497,LIKE
165348596842143_1434743636569293,1053119904706039,ANGRY
165348596842143_1434743636569293,10200902553565900,LOVE
165348596842143_1434743636569293,10206759596729869,LIKE
165348596842143_1434743636569293,10202968283835353,LIKE
165348596842143_1434743636569293,10155104838710112,LIKE
165348596842143_1434743636569293,785730798151432,ANGRY
165348596842143_1434743636569293,10154391377140641,ANGRY
165348596842143_1434743636569293,10203515303736915,LIKE
165348596842143_1434743636569293,827332253997664,LIKE
165348596842143_1434743636569293,638574412878823,LIKE
165348596842143_1434743636569293,10203935343365448,LIKE
165348596842143_1434743636569293,10152292597702752,LIKE
165348596842143_1434743636569293,1548020165431419,LIKE
165348596842143_1434743636569293,10204573439548321,LIKE
165348596842143_1434743636569293,726269054113617,LIKE
165348596842143_1434743636569293,107305046392468,LIKE
165348596842143_1434743636569293,408731752616882,LIKE
165348596842143_1434743636569293,136369463372193,LOVE
165348596842143_1434743636569293,320642658136441,LIKE
165348596842143_1434743636569293,10153971528365234,ANGRY
165348596842143_1434743636569293,10205403723065333,LOVE
165348596842143_1434743636569293,10152501932331517,LIKE
165348596842143_1434743636569293,10153082941180752,LIKE
165348596842143_1434743636569293,10100160906665778,SAD
165348596842143_1434743636569293,10202930570679694,LIKE
165348596842143_1434743636569293,10152253559467361,ANGRY
165348596842143_1434743636569293,10204415219113689,LIKE
165348596842143_1434743636569293,10203547673602884,LOVE
165348596842143_1434743636569293,10202147691509580,LIKE
165348596842143_1434743636569293,797654266959287,LIKE
165348596842143_1434743636569293,269158653288347,LIKE
165348596842143_1434743636569293,10201826654134358,LIKE
165348596842143_1434743636569293,10204012542182498,LIKE
165348596842143_1434743636569293,10152349063833048,LIKE
165348596842143_1434743636569293,10152388548776639,ANGRY
165348596842143_1434743636569293,10103106537156532,ANGRY
165348596842143_1434743636569293,10201614202629315,ANGRY
165348596842143_1434743636569293,884240684943774,LIKE
165348596842143_1434743636569293,157593534585614,LIKE
165348596842143_1434743636569293,925293690817873,LIKE
165348596842143_1434743636569293,10152266471577834,LIKE
165348596842143_1434743636569293,10202015845077825,ANGRY
165348596842143_1434743636569293,10153242648859093,LOVE
165348596842143_1434743636569293,10151985423537303,LIKE
165348596842143_1434743636569293,374596836045889,LIKE
165348596842143_1434743636569293,10203623677974568,LIKE
165348596842143_1434743636569293,622393577887638,LOVE
165348596842143_1434743636569293,1626296460930435,LIKE
165348596842143_1434743636569293,676826409073829,LIKE
165348596842143_1434743636569293,10152709954453126,LOVE
165348596842143_1434743636569293,1614610345478702,LIKE
165348596842143_1434743636569293,382297758596117,LIKE
165348596842143_1434743636569293,682147268536049,LIKE
165348596842143_1434743636569293,10204472854248218,LIKE
165348596842143_1434743636569293,10202681055096523,LIKE
165348596842143_1434743636569293,557982660972340,LIKE
165348596842143_1434743636569293,458090370999217,LIKE
165348596842143_1434743636569293,10152626889183000,ANGRY
165348596842143_1434743636569293,546626432123718,LIKE
165348596842143_1434743636569293,843516542406150,LIKE
165348596842143_1434743636569293,10106184785861458,LIKE
165348596842143_1434743636569293,10153207052139622,LIKE
165348596842143_1434743636569293,10203859288831101,LOVE
165348596842143_1434743636569293,666321160088564,LIKE
165348596842143_1434743636569293,134312973684876,ANGRY
165348596842143_1434743636569293,10203674463875107,LIKE
165348596842143_1434743636569293,849544481741460,SAD
165348596842143_1434743636569293,120694508432198,ANGRY
165348596842143_1434743636569293,10153111571582977,LIKE
165348596842143_1434743636569293,10155737484475437,LOVE
165348596842143_1434743636569293,757189201073499,LIKE
165348596842143_1434743636569293,10152998551916103,LIKE
165348596842143_1434743636569293,10152122464639032,LIKE
165348596842143_1434743636569293,10202100559452604,LIKE
165348596842143_1434743636569293,755287077888721,LIKE
165348596842143_1434743636569293,826277470822636,ANGRY
165348596842143_1434743636569293,1447355418902891,ANGRY
165348596842143_1434743636569293,656830431073721,LOVE
165348596842143_1434743636569293,544287819021498,LIKE
165348596842143_1434743636569293,10153459399140950,SAD
165348596842143_1434743636569293,10203393757026424,LIKE
165348596842143_1434743636569293,170774523253680,LIKE
165348596842143_1434743636569293,961558527192182,ANGRY
165348596842143_1434743636569293,10152410033076073,SAD
165348596842143_1434743636569293,10152824561964322,LIKE
165348596842143_1434743636569293,10206890868255795,LOVE
165348596842143_1434743636569293,10203114350673594,LIKE
165348596842143_1434743636569293,616343011782013,LIKE
165348596842143_1434743636569293,10151962433982077,LIKE
165348596842143_1434743636569293,10204195437790225,LIKE
165348596842143_1434743636569293,643354579065740,LIKE
165348596842143_1434743636569293,454293264673626,ANGRY
165348596842143_1434743636569293,10152163010997377,LIKE
165348596842143_1434743636569293,10152453610958474,WOW
165348596842143_1434743636569293,594013314048125,LIKE
165348596842143_1434743636569293,10152992147590400,LIKE
165348596842143_1434743636569293,10205786036438703,LIKE
165348596842143_1434743636569293,10152843353021729,SAD
165348596842143_1434743636569293,910583672285296,LIKE
165348596842143_1434743636569293,10204046840544245,LIKE
165348596842143_1434743636569293,10152340325176975,SAD
165348596842143_1434743636569293,10204775021349845,LIKE
165348596842143_1434743636569293,10152419714881716,LIKE
165348596842143_1434743636569293,10152330478746052,LIKE
165348596842143_1434743636569293,4960015414329,LIKE
165348596842143_1434743636569293,10203511107280006,LOVE
165348596842143_1434743636569293,1574508919538746,LIKE
165348596842143_1434743636569293,10153007335848822,SAD
165348596842143_1434743636569293,10152690515547640,LIKE
165348596842143_1434743636569293,10203331205974849,SAD
165348596842143_1434743636569293,10152374160371337,LOVE
165348596842143_1434743636569293,10154423722275434,LIKE
165348596842143_1434743636569293,10154043909560253,LOVE
165348596842143_1434743636569293,484686608324670,LIKE
165348596842143_1434743636569293,567203343399201,ANGRY
165348596842143_1434743636569293,10152428175518179,LIKE
165348596842143_1434743636569293,10204664477638771,LIKE
165348596842143_1434743636569293,10207014148618750,ANGRY
165348596842143_1434743636569293,10101068980716240,SAD
165348596842143_1434743636569293,10203020350043332,ANGRY
165348596842143_1434743636569293,628179483940537,LIKE
165348596842143_1434743636569293,10203751198273669,LIKE
165348596842143_1434743636569293,10103417617434168,ANGRY
165348596842143_1434743636569293,10203629336916407,LIKE
165348596842143_1434743636569293,10152742184108032,LOVE
165348596842143_1434743636569293,170676409957201,SAD
165348596842143_1434743636569293,10204818461920410,LIKE
165348596842143_1434743636569293,1429428817377884,LIKE
165348596842143_1434743636569293,10203397849577994,LIKE
165348596842143_1434743636569293,154976088322476,LIKE
165348596842143_1434743636569293,10152372288956944,HAHA
165348596842143_1434743636569293,1538694693054574,ANGRY
165348596842143_1434743636569293,10152254930237326,ANGRY
165348596842143_1434743636569293,993581790660033,ANGRY
165348596842143_1434743636569293,10201219831496359,LIKE
165348596842143_1434743636569293,10153014039411874,LOVE
165348596842143_1434743636569293,10204349181344637,LIKE
165348596842143_1434743636569293,10152346089754613,LIKE
165348596842143_1434743636569293,10153162706399027,LIKE
165348596842143_1434743636569293,10205973214792094,ANGRY
165348596842143_1434743636569293,906802256021433,LIKE
165348596842143_1434743636569293,10152326802626387,LIKE
165348596842143_1434743636569293,10152801626351542,LIKE
165348596842143_1434743636569293,760362324170896,LIKE
165348596842143_1434743636569293,1494090027486473,LIKE
165348596842143_1434743636569293,10153077955199090,LIKE
165348596842143_1434743636569293,1442065232715462,LIKE
165348596842143_1434743636569293,10206547566062739,LOVE
165348596842143_1434743636569293,566447000122530,SAD
165348596842143_1434743636569293,1558917527688998,LIKE
165348596842143_1434743636569293,770335349673026,LIKE
165348596842143_1434743636569293,495213933957089,LIKE
165348596842143_1434743636569293,10204488152419057,ANGRY
165348596842143_1434743636569293,10152000873362167,LOVE
165348596842143_1434743636569293,10204036035174304,LIKE
165348596842143_1434743636569293,10152373231115903,ANGRY
165348596842143_1434743636569293,923584364325165,LIKE
165348596842143_1434743636569293,1413993952255619,LIKE
165348596842143_1434743636569293,10200841660041345,LIKE
165348596842143_1434743636569293,1517451511830448,LIKE
165348596842143_1434743636569293,601904909939381,ANGRY
165348596842143_1434743636569293,10152913103921202,ANGRY
165348596842143_1434743636569293,10152477995672045,LIKE
165348596842143_1434743636569293,1557850097787121,LIKE
165348596842143_1434743636569293,10153608015731808,ANGRY
165348596842143_1434743636569293,1150397221652330,LIKE
165348596842143_1434743636569293,919697141428668,LIKE
165348596842143_1434743636569293,10204902533830323,LIKE
165348596842143_1434743636569293,135025686859633,LIKE
165348596842143_1434743636569293,10152515402655880,LIKE
165348596842143_1434743636569293,710903465644827,LIKE
165348596842143_1434743636569293,10155547702930384,LIKE
165348596842143_1434743636569293,10152316438909383,ANGRY
165348596842143_1434743636569293,732651270117813,LIKE
165348596842143_1434743636569293,927581147267261,LIKE
165348596842143_1434743636569293,10152590329394266,LOVE
165348596842143_1434743636569293,10152909407128457,LIKE
165348596842143_1434743636569293,10206916407489286,LIKE
165348596842143_1434743636569293,1512104842338256,LIKE
165348596842143_1434743636569293,10201397750505806,LIKE
165348596842143_1434743636569293,10203258445554433,LIKE
165348596842143_1434743636569293,10152251146838163,LIKE
165348596842143_1434743636569293,691034030937903,LIKE
165348596842143_1434743636569293,620352654744674,LIKE
165348596842143_1434743636569293,10152981013328403,WOW
165348596842143_1434743636569293,10203898655819918,LIKE
165348596842143_1434743636569293,674730535987157,LIKE
165348596842143_1434743636569293,10152854330612059,LIKE
165348596842143_1434743636569293,1506612409618015,SAD
165348596842143_1434743636569293,10152730062150830,LIKE
165348596842143_1434743636569293,10203576815724413,ANGRY
165348596842143_1434743636569293,10154067242193532,ANGRY
165348596842143_1434743636569293,734499453261829,LIKE
165348596842143_1434743636569293,10152029106122864,LIKE
165348596842143_1434743636569293,1010478848995540,LIKE
165348596842143_1434743636569293,10153184574786842,LIKE
165348596842143_1434743636569293,1494720727477900,LIKE
165348596842143_1434743636569293,10153095680343081,LIKE
165348596842143_1434743636569293,10202930336811512,LIKE
165348596842143_1434743636569293,10203669324547319,LIKE
165348596842143_1434743636569293,10152679231760199,LIKE
165348596842143_1434743636569293,1419481984987918,LOVE
165348596842143_1434743636569293,10203113941262715,LIKE
165348596842143_1434743636569293,877935348901229,LIKE
165348596842143_1434743636569293,10152866629375119,LIKE
165348596842143_1434743636569293,10153710681004278,ANGRY
165348596842143_1434743636569293,745644045476192,ANGRY
165348596842143_1434743636569293,1582559045405359,LIKE
165348596842143_1434743636569293,10204662721384425,LIKE
165348596842143_1434743636569293,1113715318638535,ANGRY
165348596842143_1434743636569293,10152844059131047,LIKE
165348596842143_1434743636569293,136546416793469,LOVE
165348596842143_1434743636569293,1464284823884262,LIKE
165348596842143_1434743636569293,10204330227357192,LIKE
165348596842143_1434743636569293,1022591234426002,LIKE
165348596842143_1434743636569293,10152572914475913,LIKE
165348596842143_1434743636569293,10152521210593367,ANGRY
165348596842143_1434743636569293,10153345276199384,LIKE
165348596842143_1434743636569293,10152834748870864,ANGRY
165348596842143_1434743636569293,10152329278083288,LIKE
165348596842143_1434743636569293,10152662075852136,LIKE
165348596842143_1434743636569293,1788873214757650,LIKE
165348596842143_1434743636569293,10152011888160373,ANGRY
165348596842143_1434743636569293,10202642392575425,ANGRY
165348596842143_1434743636569293,1379812162348302,LIKE
165348596842143_1434743636569293,10152127206124426,LIKE
165348596842143_1434743636569293,151352178619983,LIKE
165348596842143_1434743636569293,10202332081981978,LIKE
165348596842143_1434743636569293,756100487844811,LIKE
165348596842143_1434743636569293,686296981047,LIKE
165348596842143_1434743636569293,950302901652712,LIKE
165348596842143_1434743636569293,10204332137360950,LOVE
165348596842143_1434743636569293,1678542772381996,LIKE
165348596842143_1434743636569293,10205421579322971,LIKE
165348596842143_1434743636569293,10203268485580589,LIKE
165348596842143_1434743636569293,10203042628881409,LIKE
165348596842143_1434743636569293,1009330632411701,LIKE
165348596842143_1434743636569293,10154403414145273,LIKE
165348596842143_1434743636569293,808529162575465,LOVE
165348596842143_1434743636569293,10206587980680287,LIKE
165348596842143_1434743636569293,1634539826793661,LIKE
165348596842143_1434743636569293,117048828643006,LIKE
165348596842143_1434743636569293,10152724167741454,LIKE
165348596842143_1434743636569293,568541036630750,LIKE
165348596842143_1434743636569293,10152289772365749,LIKE
165348596842143_1434743636569293,10203614508863697,LIKE
165348596842143_1434743636569293,10201252586515341,LIKE
165348596842143_1434743636569293,734571209896698,LOVE
165348596842143_1434743636569293,317229621781963,LIKE
165348596842143_1434743636569293,10200470805609039,LIKE
165348596842143_1434743636569293,10152304373777337,LIKE
165348596842143_1434743636569293,10153467383102711,LIKE
165348596842143_1434743636569293,10152938380871474,SAD
165348596842143_1434743636569293,874761422543619,SAD
165348596842143_1434743636569293,10152097196923450,ANGRY
165348596842143_1434743636569293,10204100414685835,LIKE
165348596842143_1434743636569293,10200329754123153,LIKE
165348596842143_1434743636569293,954130024638035,LIKE
165348596842143_1434743636569293,1541570759462346,LIKE
165348596842143_1434743636569293,600732213353925,LIKE
165348596842143_1434743636569293,10152351331756488,LOVE
165348596842143_1434743636569293,508190952619430,HAHA
165348596842143_1434743636569293,798432793509773,LIKE
165348596842143_1434743636569293,415480088604795,LIKE
165348596842143_1434743636569293,10152869503288274,LOVE
165348596842143_1434743636569293,817697528264582,SAD
165348596842143_1434743636569293,934085086619886,SAD
165348596842143_1434743636569293,10152795396572183,LIKE
165348596842143_1434743636569293,10152068479367361,WOW
165348596842143_1434743636569293,1537972983091837,HAHA
165348596842143_1434743636569293,10203748980498623,LIKE
165348596842143_1434743636569293,10205397288801147,LIKE
165348596842143_1434743636569293,10204475327743079,ANGRY
165348596842143_1434743636569293,10153755124177588,LOVE
165348596842143_1434743636569293,10154104956925245,LIKE
165348596842143_1434743636569293,993112214037182,LIKE
165348596842143_1434743636569293,1480127698892894,LIKE
165348596842143_1434743636569293,893819100659832,LIKE
165348596842143_1434743636569293,10204866276040460,SAD
165348596842143_1434743636569293,833380430075688,LIKE
165348596842143_1434743636569293,10203156198199975,LIKE
165348596842143_1434743636569293,131281093894761,LIKE
165348596842143_1434743636569293,725224532809,LIKE
165348596842143_1434743636569293,10152324627175994,LIKE
165348596842143_1434743636569293,826468457398281,LIKE
165348596842143_1434743636569293,10152276605554327,HAHA
165348596842143_1434743636569293,10205424108511237,LIKE
165348596842143_1434743636569293,10202548900736160,ANGRY
165348596842143_1434743636569293,1018315614863968,LIKE
165348596842143_1434743636569293,10152469856081938,LIKE
165348596842143_1434743636569293,10152873274662490,LOVE
165348596842143_1434743636569293,677628779018228,LIKE
165348596842143_1434743636569293,10204720635199767,HAHA
165348596842143_1434743636569293,1565304190347936,LIKE
165348596842143_1434743636569293,121148951568597,WOW
165348596842143_1434743636569293,10156167878635314,LIKE
165348596842143_1434743636569293,10203629119743779,LIKE
165348596842143_1434743636569293,4540119516518,LIKE
165348596842143_1434743636569293,840774609284652,SAD
165348596842143_1434743636569293,10201903211181180,LIKE
165348596842143_1434743636569293,831236693556850,LIKE
165348596842143_1434743636569293,10205078547139889,LIKE
165348596842143_1434743636569293,10152591572219882,LOVE
165348596842143_1434743636569293,10151982896507551,LIKE
165348596842143_1434743636569293,10204553270301937,LIKE
165348596842143_1434743636569293,944275968925601,LIKE
165348596842143_1434743636569293,715624001847558,LIKE
165348596842143_1434743636569293,940303055985513,LIKE
165348596842143_1434743636569293,10152406797795841,LIKE
165348596842143_1434743636569293,944912278870539,LIKE
165348596842143_1434743636569293,10152861798258270,ANGRY
165348596842143_1434743636569293,10152362640510330,ANGRY
165348596842143_1434743636569293,1022176677848736,WOW
165348596842143_1434743636569293,174336106255029,LOVE
165348596842143_1434743636569293,116510572191770,LIKE
165348596842143_1434743636569293,255261331623430,LIKE
165348596842143_1434743636569293,10205354605135319,LIKE
165348596842143_1434743636569293,603318689796919,LIKE
165348596842143_1434743636569293,642547172517858,LIKE
165348596842143_1434743636569293,10153129414085299,ANGRY
165348596842143_1434743636569293,581568145287466,LOVE
165348596842143_1434743636569293,10152606240776775,LIKE
165348596842143_1434743636569293,10153474988199976,ANGRY
165348596842143_1434743636569293,10154199919873808,LIKE
165348596842143_1434743636569293,10203398500979780,ANGRY
165348596842143_1434743636569293,1675712012649347,LIKE
165348596842143_1434743636569293,10154718920395551,ANGRY
165348596842143_1434743636569293,171760373170149,LIKE
165348596842143_1434743636569293,10153985677360234,SAD
165348596842143_1434743636569293,1566102027034620,LIKE
165348596842143_1434743636569293,10204614962282999,LIKE
165348596842143_1434743636569293,10152330107757629,LIKE
165348596842143_1434743636569293,10201613131884972,ANGRY
165348596842143_1434743636569293,10204502376295512,LIKE
165348596842143_1434743636569293,887400067954286,LOVE
165348596842143_1434743636569293,853951381298448,LIKE
165348596842143_1434743636569293,10203374285455119,ANGRY
165348596842143_1434743636569293,322464364591567,ANGRY
165348596842143_1434743636569293,10151957183736330,ANGRY
165348596842143_1434743636569293,10206957891803130,LIKE
165348596842143_1434743636569293,10153489106168957,LIKE
165348596842143_1434743636569293,764933400210117,LIKE
165348596842143_1434743636569293,10153005972410520,LIKE
165348596842143_1434743636569293,10152740874731019,LIKE
165348596842143_1434743636569293,10152920140723127,ANGRY
165348596842143_1434743636569293,10154436593235265,LIKE
165348596842143_1434743636569293,10152393496317391,LIKE
165348596842143_1434743636569293,745177088871552,LOVE
165348596842143_1434743636569293,10154995220835587,SAD
165348596842143_1434743636569293,10205450370197364,ANGRY
165348596842143_1434743636569293,748715335160601,ANGRY
165348596842143_1434743636569293,10204630764399066,SAD
165348596842143_1434743636569293,10152685692754230,LIKE
165348596842143_1434743636569293,10202824768689530,ANGRY
165348596842143_1434743636569293,10152760473567573,LOVE
165348596842143_1434743636569293,137483489952281,LIKE
165348596842143_1434743636569293,10152837591868587,LIKE
165348596842143_1434743636569293,10152406028929136,ANGRY
165348596842143_1434743636569293,1576702809232374,LIKE
165348596842143_1434743636569293,10204162308434505,SAD
165348596842143_1434743636569293,10152424954930906,ANGRY
165348596842143_1434743636569293,313895122117234,LIKE
165348596842143_1434743636569293,10152648675526115,LIKE
165348596842143_1434743636569293,796724230414666,LIKE
165348596842143_1434743636569293,10207770872458515,LIKE
165348596842143_1434743636569293,10152330601857349,LOVE
165348596842143_1434743636569293,10152783461951675,LIKE
165348596842143_1434743636569293,530062690460396,LIKE
165348596842143_1434743636569293,10201860634343163,ANGRY
165348596842143_1434743636569293,173034296391274,LIKE
165348596842143_1434743636569293,696619273734017,LOVE
165348596842143_1434743636569293,10204943124398834,SAD
165348596842143_1434743636569293,676013395780310,LIKE
165348596842143_1434743636569293,813826578683164,LIKE
165348596842143_1434743636569293,10152386923822172,LIKE
165348596842143_1434743636569293,570099343088733,LIKE
165348596842143_1434743636569293,10205342725154388,LIKE
165348596842143_1434743636569293,565120466919318,ANGRY
165348596842143_1434743636569293,291777337682228,SAD
165348596842143_1434743636569293,1483102085327805,LIKE
165348596842143_1434743636569293,10152425046810598,LIKE
165348596842143_1434743636569293,122816248105309,LIKE
165348596842143_1434743636569293,10205531625635051,LIKE
165348596842143_1434743636569293,728474227244847,LIKE
165348596842143_1434743636569293,10152435501071804,ANGRY
165348596842143_1434743636569293,459551690850177,LIKE
165348596842143_1434743636569293,10152686782034297,LIKE
165348596842143_1434743636569293,790363277696121,ANGRY
165348596842143_1434743636569293,660452960752419,LIKE
165348596842143_1434743636569293,10203635568952406,ANGRY
165348596842143_1434743636569293,10152752505971351,SAD
165348596842143_1434743636569293,728708623917498,LIKE
165348596842143_1434743636569293,10152372327848390,LIKE
165348596842143_1434743636569293,10205270550546051,LIKE
165348596842143_1434743636569293,10203805415439285,LIKE
165348596842143_1434743636569293,10203433762625267,SAD
165348596842143_1434743636569293,10152498442752844,LIKE
165348596842143_1434743636569293,10203491132912012,LIKE
165348596842143_1434743636569293,10204341219229245,LIKE
165348596842143_1434743636569293,797749060248553,LOVE
165348596842143_1434743636569293,10152452068659973,ANGRY
165348596842143_1434743636569293,1506831516197364,LIKE
165348596842143_1434743636569293,1035843946431146,LIKE
165348596842143_1434743636569293,10153405414494478,ANGRY
165348596842143_1434743636569293,899887426728847,ANGRY
165348596842143_1434743636569293,10153038111994859,LIKE
165348596842143_1434743636569293,10154025183886600,LIKE
165348596842143_1434743636569293,10152119364531951,LOVE
165348596842143_1434743636569293,739758326081393,LIKE
165348596842143_1434743636569293,588130168029684,LIKE
165348596842143_1434743636569293,442580145876734,LIKE
165348596842143_1434743636569293,1441130476127257,ANGRY
165348596842143_1434743636569293,805565032807133,LIKE
165348596842143_1434743636569293,10152351658824190,ANGRY
165348596842143_1434743636569293,10151998706891363,ANGRY
165348596842143_1434743636569293,10202385487332556,LOVE
165348596842143_1434743636569293,1483610978316972,LIKE
165348596842143_1434743636569293,604607396289769,LIKE
165348596842143_1434743636569293,10154781237545442,ANGRY
165348596842143_1434743636569293,666221963475958,LIKE
165348596842143_1434743636569293,1506746389583071,LIKE
165348596842143_1434743636569293,436977106444122,LIKE
165348596842143_1434743636569293,700059483362444,ANGRY
165348596842143_1434743636569293,10206193363179353,LIKE
165348596842143_1434743636569293,10203619279786235,ANGRY
165348596842143_1434743636569293,608603335938386,LIKE
165348596842143_1434743636569293,10154902291720370,LIKE
165348596842143_1434743636569293,1437502753220136,LIKE
165348596842143_1434743636569293,10153270597987766,LIKE
165348596842143_1434743636569293,294369794064954,LIKE
165348596842143_1434743636569293,1394001320902956,LIKE
165348596842143_1434743636569293,10152622518539645,LOVE
165348596842143_1434743636569293,718605008203896,LIKE
165348596842143_1434743636569293,10152826823516043,LIKE
165348596842143_1434743636569293,10154436699840472,LIKE
165348596842143_1434743636569293,10152974891168208,ANGRY
165348596842143_1434743636569293,10202521133642268,LIKE
165348596842143_1434743636569293,10205695775010181,LIKE
165348596842143_1434743636569293,588062941331775,LIKE
165348596842143_1434743636569293,10202573863497001,ANGRY
165348596842143_1434743636569293,10152168590696776,ANGRY
165348596842143_1434743636569293,639673976184069,LOVE
165348596842143_1434743636569293,158792127923877,LOVE
165348596842143_1434743636569293,10152687832907020,LIKE
165348596842143_1434743636569293,662779820423823,LIKE
165348596842143_1434743636569293,695048543887478,LIKE
165348596842143_1434743636569293,916509055045057,LOVE
165348596842143_1434743636569293,678166778910638,LIKE
165348596842143_1434743636569293,1725753751045151,LOVE
165348596842143_1434743636569293,341501209391446,LIKE
165348596842143_1434743636569293,10152772141231610,LIKE
165348596842143_1434743636569293,685815784790277,SAD
165348596842143_1434743636569293,10152891012136823,LIKE
165348596842143_1434743636569293,10152615494966336,SAD
165348596842143_1434743636569293,10203324337043843,LOVE
165348596842143_1434743636569293,10151981462512251,SAD
165348596842143_1434743636569293,10152937635380071,HAHA
165348596842143_1434743636569293,674698332614277,ANGRY
165348596842143_1434743636569293,10153089075646874,LIKE
165348596842143_1434743636569293,10152682944169304,LIKE
165348596842143_1434743636569293,10204770254882938,LIKE
165348596842143_1434743636569293,10152416537337053,SAD
165348596842143_1434743636569293,10152220256595318,LIKE
165348596842143_1434743636569293,10153464417064669,LIKE
165348596842143_1434743636569293,1062698217128727,SAD
165348596842143_1434743636569293,10152459202751747,SAD
165348596842143_1434743636569293,1464947627101348,LIKE
165348596842143_1434743636569293,475947399205206,ANGRY
165348596842143_1434743636569293,10153970918040063,ANGRY
165348596842143_1434743636569293,831326596891515,LIKE
165348596842143_1434743636569293,877025302311802,ANGRY
165348596842143_1434743636569293,10152397739705653,LIKE
165348596842143_1434743636569293,10203217578027985,LOVE
165348596842143_1434743636569293,862396687120383,LOVE
165348596842143_1434743636569293,688417597887777,LIKE
165348596842143_1434743636569293,10207065032121141,LIKE
165348596842143_1434743636569293,10153942040990478,LOVE
165348596842143_1434743636569293,10153309241733125,SAD
165348596842143_1434743636569293,10152419710211767,LIKE
165348596842143_1434743636569293,661552497254318,LOVE
165348596842143_1434743636569293,10154957172885157,LIKE
165348596842143_1434743636569293,1401535716793637,LIKE
165348596842143_1434743636569293,10152422798771204,LIKE
165348596842143_1434743636569293,10152384428474301,LIKE
165348596842143_1434743636569293,10152420507249317,LIKE
165348596842143_1434743636569293,10152873702206602,LOVE
165348596842143_1434743636569293,10202328286313454,LIKE
165348596842143_1434743636569293,10152378069855470,ANGRY
165348596842143_1434743636569293,10205834088543713,LIKE
165348596842143_1434743636569293,10202285427601028,SAD
165348596842143_1434743636569293,10203256758396754,ANGRY
165348596842143_1434743636569293,830139973706105,ANGRY
165348596842143_1434743636569293,569016616543903,LOVE
165348596842143_1434743636569293,10153555658333840,LIKE
165348596842143_1434743636569293,10202156277259176,LIKE
165348596842143_1434743636569293,10152581931459044,LIKE
165348596842143_1434743636569293,10152503537848483,LOVE
165348596842143_1434743636569293,10203799555012812,LIKE
165348596842143_1434743636569293,10152190440992680,LIKE
165348596842143_1434743636569293,10152460183958407,LIKE
165348596842143_1434743636569293,10152027080106596,LIKE
165348596842143_1434743636569293,10153338525781258,LIKE
165348596842143_1434743636569293,10202410198290815,LIKE
165348596842143_1434743636569293,881165831948177,LIKE
165348596842143_1434743636569293,1591466514414441,LIKE
165348596842143_1434743636569293,1643154539246265,LIKE
165348596842143_1434743636569293,263860630460566,LIKE
165348596842143_1434743636569293,10203043491140701,LIKE
165348596842143_1434743636569293,10203821862019441,HAHA
165348596842143_1434743636569293,736743413039766,ANGRY
165348596842143_1434743636569293,10209400958641962,LIKE
165348596842143_1434743636569293,10152384709056299,LIKE
165348596842143_1434743636569293,10153051373452743,LIKE
165348596842143_1434743636569293,10152328430319842,LIKE
165348596842143_1434743636569293,10202190947480593,HAHA
165348596842143_1434743636569293,10203330006113660,LIKE
165348596842143_1434743636569293,10152676414924170,LIKE
165348596842143_1434743636569293,1532532830303439,ANGRY
165348596842143_1434743636569293,10202582230517559,LIKE
165348596842143_1434743636569293,10205305244765446,LIKE
165348596842143_1434743636569293,10151958484387132,LIKE
165348596842143_1434743636569293,1405417023112686,LIKE
165348596842143_1434743636569293,1598760207046358,WOW
165348596842143_1434743636569293,10204569002449691,WOW
165348596842143_1434743636569293,10153519197805616,WOW
165348596842143_1434743636569293,679113072144875,LIKE
165348596842143_1434743636569293,767099080014905,LIKE
165348596842143_1434743636569293,10203221871051003,LIKE
165348596842143_1434743636569293,10204165490726944,HAHA
165348596842143_1434743636569293,513640398739933,ANGRY
165348596842143_1434743636569293,215749295508480,LIKE
165348596842143_1434743636569293,758539847510323,LIKE
165348596842143_1434743636569293,10204715836549513,LIKE
165348596842143_1434743636569293,10153236270310205,LIKE
165348596842143_1434743636569293,10152373739809346,HAHA
165348596842143_1434743636569293,10153021400566048,LIKE
165348596842143_1434743636569293,10203516681782299,LIKE
165348596842143_1434743636569293,10203716092526576,SAD
165348596842143_1434743636569293,10152410155707879,LIKE
165348596842143_1434743636569293,778545985591566,LIKE
165348596842143_1434743636569293,10204466648131640,LIKE
165348596842143_1434743636569293,701007206679854,LOVE
165348596842143_1434743636569293,10153092470599047,LIKE
165348596842143_1434743636569293,821019421270316,LOVE
165348596842143_1434743636569293,10153382640888534,LIKE
165348596842143_1434743636569293,1445406085782437,LIKE
165348596842143_1434743636569293,10204506570286018,LIKE
165348596842143_1434743636569293,10152946988439989,LIKE
165348596842143_1434743636569293,10153191161666672,ANGRY
165348596842143_1434743636569293,10152569696802917,LOVE
165348596842143_1434743636569293,635308173217918,LIKE
165348596842143_1434743636569293,10154532854480372,LIKE
165348596842143_1434743636569293,10202058856616362,LIKE
165348596842143_1434743636569293,10203538664496909,LOVE
165348596842143_1434743636569293,1535734513342049,LIKE
165348596842143_1434743636569293,10152462340674177,LIKE
165348596842143_1434743636569293,10152237716463587,LIKE
165348596842143_1434743636569293,10202607123459126,LIKE
165348596842143_1434743636569293,10152556635847280,LIKE
165348596842143_1434743636569293,484054685080046,LIKE
165348596842143_1434743636569293,10154140833020145,ANGRY
165348596842143_1434743636569293,10152602179970172,ANGRY
165348596842143_1434743636569293,1451366221855219,LIKE
165348596842143_1434743636569293,779838835384183,LIKE
165348596842143_1434743636569293,1446987868913242,LIKE
165348596842143_1434743636569293,851131174947567,LIKE
165348596842143_1434743636569293,10156226415420615,LIKE
165348596842143_1434743636569293,10152166178258402,LIKE
165348596842143_1434743636569293,10152345406861275,LIKE
165348596842143_1434743636569293,10152640779618094,ANGRY
165348596842143_1434743636569293,10152373764377913,SAD
165348596842143_1434743636569293,193881897650268,LOVE
165348596842143_1434743636569293,1575741026039686,LIKE
165348596842143_1434743636569293,139446529735299,LOVE
165348596842143_1434743636569293,847279771969077,LIKE
165348596842143_1434743636569293,284954995044975,LIKE
165348596842143_1434743636569293,917849254908621,LIKE
165348596842143_1434743636569293,659409300888873,LIKE
165348596842143_1434743636569293,10202598558312277,LIKE
165348596842143_1434743636569293,10203438916791940,LIKE
165348596842143_1434743636569293,212310125871636,LIKE
165348596842143_1434743636569293,1000788889935503,LIKE
165348596842143_1434743636569293,1433436500293890,LIKE
165348596842143_1434743636569293,1521159164869118,LIKE
165348596842143_1434743636569293,185168848655487,LIKE
165348596842143_1434743636569293,1470892229902070,LIKE
165348596842143_1434743636569293,10202629395362472,LIKE
165348596842143_1434743636569293,10205464663364253,LIKE
165348596842143_1434743636569293,731743203572428,ANGRY
165348596842143_1434743636569293,10201422393080482,WOW
165348596842143_1434743636569293,10152898388996670,SAD
165348596842143_1434743636569293,223879017821478,LIKE
165348596842143_1434743636569293,10152754525064592,SAD
165348596842143_1434743636569293,713532088730811,LIKE
165348596842143_1434743636569293,10152839801186723,LOVE
165348596842143_1434743636569293,10205876646985282,LIKE
165348596842143_1434743636569293,680583048688645,LIKE
165348596842143_1434743636569293,713456885404030,LIKE
165348596842143_1434743636569293,891778307509321,HAHA
165348596842143_1434743636569293,572249569581324,LIKE
165348596842143_1434743636569293,757163350989978,LOVE
165348596842143_1434743636569293,481639138603277,LIKE
165348596842143_1434743636569293,158931861106929,LIKE
165348596842143_1434743636569293,536079886424247,ANGRY
165348596842143_1434743636569293,10152306927497597,LIKE
165348596842143_1434743636569293,10152394988265940,LIKE
165348596842143_1434743636569293,10203787725829555,LOVE
165348596842143_1434743636569293,555635747882567,LIKE
165348596842143_1434743636569293,10204699431836914,LIKE
165348596842143_1434743636569293,821176767991844,LIKE
165348596842143_1434743636569293,657329321078026,LIKE
165348596842143_1434743636569293,110181599343805,LIKE
165348596842143_1434743636569293,1295092477243881,LOVE
165348596842143_1434743636569293,10202840029345815,LIKE
165348596842143_1434743636569293,696457380410283,LIKE
165348596842143_1434743636569293,1931539033651998,LIKE
165348596842143_1434743636569293,10205122855648907,LIKE
165348596842143_1434743636569293,10203711797296690,LIKE
165348596842143_1434743636569293,10152656197338169,LIKE
165348596842143_1434743636569293,10156090610580368,LIKE
165348596842143_1434743636569293,10152568854281274,LIKE
165348596842143_1434743636569293,10153416094753012,LIKE
165348596842143_1434743636569293,10203425782825351,SAD
165348596842143_1434743636569293,10154542194250251,LOVE
165348596842143_1434743636569293,802804823066160,LIKE
165348596842143_1434743636569293,10201658554376504,ANGRY
165348596842143_1434743636569293,910131555677720,LIKE
165348596842143_1434743636569293,116174955542903,LIKE
165348596842143_1434743636569293,670477896391378,LIKE
165348596842143_1434743636569293,774507775945975,LIKE
165348596842143_1434743636569293,10152269863273310,ANGRY
165348596842143_1434743636569293,10152385397085767,LIKE
165348596842143_1434743636569293,10152879094684867,ANGRY
165348596842143_1434743636569293,549524438517111,LIKE
165348596842143_1434743636569293,674309205937658,ANGRY
165348596842143_1434743636569293,10152143930871237,LIKE
165348596842143_1434743636569293,724894667586264,LIKE
165348596842143_1434743636569293,281682758695603,LIKE
165348596842143_1434743636569293,10153519797984278,LOVE
165348596842143_1434743636569293,10152180712342669,LIKE
165348596842143_1434743636569293,4121350808007,LIKE
165348596842143_1434743636569293,1009890499037419,ANGRY
165348596842143_1434743636569293,621802811241340,LIKE
165348596842143_1434743636569293,10151992919531386,LIKE
165348596842143_1434743636569293,10205634796299986,ANGRY
165348596842143_1434743636569293,10205596019127602,LIKE
165348596842143_1434743636569293,10202786622539628,SAD
165348596842143_1434743636569293,740713449330792,LIKE
165348596842143_1434743636569293,10154037999255282,ANGRY
165348596842143_1434743636569293,1576426052594245,LIKE
165348596842143_1434743636569293,102691360247784,LIKE
165348596842143_1434743636569293,775972089121028,ANGRY
165348596842143_1434743636569293,10152441026898522,LIKE
165348596842143_1434743636569293,10152106716272843,LIKE
165348596842143_1434743636569293,10152881137769096,ANGRY
165348596842143_1434743636569293,774839235902796,LIKE
165348596842143_1434743636569293,10203626809530212,LIKE
165348596842143_1434743636569293,10152056270186581,LIKE
165348596842143_1434743636569293,10203492612427568,LIKE
165348596842143_1434743636569293,779079978770650,LIKE
165348596842143_1434743636569293,338805086277396,LIKE
165348596842143_1434743636569293,10152930918580288,ANGRY
165348596842143_1434743636569293,876794792331996,LIKE
165348596842143_1434743636569293,1465666803683077,ANGRY
165348596842143_1434743636569293,578579095583266,LIKE
165348596842143_1434743636569293,359126550913632,LIKE
165348596842143_1434743636569293,626628374098434,LIKE
165348596842143_1434743636569293,10152383357414935,LOVE
165348596842143_1434743636569293,10153425186849698,SAD
165348596842143_1434743636569293,10204021296279743,LOVE
165348596842143_1434743636569293,723266244362735,LOVE
165348596842143_1434743636569293,639732796133269,ANGRY
165348596842143_1434743636569293,815872508423651,LIKE
165348596842143_1434743636569293,10152406473764427,ANGRY
165348596842143_1434743636569293,10154792330340195,SAD
165348596842143_1434743636569293,10201377495558888,LIKE
165348596842143_1434743636569293,10202510166511915,LOVE
165348596842143_1434743636569293,10152407084919187,ANGRY
165348596842143_1434743636569293,10203259871432273,LOVE
165348596842143_1434743636569293,364158657096882,LIKE
165348596842143_1434743636569293,10152719411602931,LIKE
165348596842143_1434743636569293,601273259977022,LIKE
165348596842143_1434743636569293,10152998085464554,SAD
165348596842143_1434743636569293,1688123628079561,LIKE
165348596842143_1434743636569293,10152313595443397,ANGRY
165348596842143_1434743636569293,1465988260356821,LIKE
165348596842143_1434743636569293,10203077482994681,WOW
165348596842143_1434743636569293,391162101077222,LIKE
165348596842143_1434743636569293,10204136466517803,WOW
165348596842143_1434743636569293,688604484587338,LIKE
165348596842143_1434743636569293,678346732249880,LOVE
165348596842143_1434743636569293,10207370108480777,LIKE
165348596842143_1434743636569293,688776851194317,LIKE
165348596842143_1434743636569293,561022594012708,LIKE
165348596842143_1434743636569293,10204840890721590,LIKE
165348596842143_1434743636569293,852269244788870,WOW
165348596842143_1434743636569293,10203550627876161,LIKE
165348596842143_1434743636569293,10207755662037047,LIKE
165348596842143_1434743636569293,635503299859445,LOVE
165348596842143_1434743636569293,10201983209004198,WOW
165348596842143_1434743636569293,10152392760653126,LIKE
165348596842143_1434743636569293,10203517225034333,ANGRY
165348596842143_1434743636569293,166726733804578,LIKE
165348596842143_1434743636569293,10203440167674371,LIKE
165348596842143_1434743636569293,10153079902159179,LOVE
165348596842143_1434743636569293,127847920979400,LIKE
165348596842143_1434743636569293,10156792590255188,LIKE
165348596842143_1434743636569293,10152766431505676,LOVE
165348596842143_1434743636569293,10154352243865346,SAD
165348596842143_1434743636569293,10152379450915829,SAD
165348596842143_1434743636569293,286075444885492,LIKE
165348596842143_1434743636569293,1516597678623483,LIKE
165348596842143_1434743636569293,10152870551154243,LIKE
165348596842143_1434743636569293,10152867380678338,LIKE
165348596842143_1434743636569293,816584021738794,LIKE
165348596842143_1434743636569293,10152405003551532,LIKE
165348596842143_1434743636569293,10154880385695484,LOVE
165348596842143_1434743636569293,846469192089938,LIKE
165348596842143_1434743636569293,795185783886389,LIKE
165348596842143_1434743636569293,10153348464459299,LIKE
165348596842143_1434743636569293,10203885537731946,LIKE
165348596842143_1434743636569293,10152875879526085,WOW
165348596842143_1434743636569293,10152344614668570,LOVE
165348596842143_1434743636569293,10202899609516282,LIKE
165348596842143_1434743636569293,740553386051895,LIKE
165348596842143_1434743636569293,663736170359231,LOVE
165348596842143_1434743636569293,883659341650820,LIKE
165348596842143_1434743636569293,10203668158218861,LIKE
165348596842143_1434743636569293,10152344687556800,LIKE
165348596842143_1434743636569293,638029286270195,ANGRY
165348596842143_1434743636569293,853867727958610,SAD
165348596842143_1434743636569293,10204300003093109,LIKE
165348596842143_1434743636569293,10153646635742785,ANGRY
165348596842143_1434743636569293,831652783515902,LIKE
165348596842143_1434743636569293,10201691973608561,LIKE
165348596842143_1434743636569293,880996385357044,LIKE
165348596842143_1434743636569293,10203974984232891,LIKE
165348596842143_1434743636569293,1599719763647365,ANGRY
165348596842143_1434743636569293,10202591538412835,WOW
165348596842143_1434743636569293,694107250627612,LOVE
165348596842143_1434743636569293,10155324301525174,ANGRY
165348596842143_1434743636569293,10203781347407793,SAD
165348596842143_1434743636569293,10152267960662675,LIKE
165348596842143_1434743636569293,10203282083111313,LIKE
165348596842143_1434743636569293,10152550478730589,SAD
165348596842143_1434743636569293,10207397805155706,ANGRY
165348596842143_1434743636569293,670871069693912,LIKE
165348596842143_1434743636569293,10203314788451931,ANGRY
165348596842143_1434743636569293,10207110889871017,LIKE
165348596842143_1434743636569293,10152563675763311,LIKE
165348596842143_1434743636569293,10152804239498359,LIKE
165348596842143_1434743636569293,284209351767178,ANGRY
165348596842143_1434743636569293,967800176574298,ANGRY
165348596842143_1434743636569293,371398133222854,ANGRY
165348596842143_1434743636569293,10152595003865954,LIKE
165348596842143_1434743636569293,883297978371304,ANGRY
165348596842143_1434743636569293,10203520186709223,ANGRY
165348596842143_1434743636569293,608797589242765,ANGRY
165348596842143_1434743636569293,853383201341514,LIKE
165348596842143_1434743636569293,765406263517403,HAHA
165348596842143_1434743636569293,10152842855823279,LOVE
165348596842143_1434743636569293,10152818764396631,ANGRY
165348596842143_1434743636569293,143202299455069,LIKE
165348596842143_1434743636569293,10152422903192448,LIKE
165348596842143_1434743636569293,10203796719413182,LIKE
165348596842143_1434743636569293,826390450778694,LIKE
165348596842143_1434743636569293,669015103205427,LIKE
165348596842143_1434743636569293,10152788851739552,LOVE
165348596842143_1434743636569293,467370973395490,ANGRY
165348596842143_1434743636569293,1550885065150804,LIKE
165348596842143_1434743636569293,10201971486424077,LOVE
165348596842143_1434743636569293,10205063740725838,LIKE
165348596842143_1434743636569293,10152856067775734,LIKE
165348596842143_1434743636569293,10204836006929850,LIKE
165348596842143_1434743636569293,10206557156229717,LIKE
165348596842143_1434743636569293,134782830245877,ANGRY
165348596842143_1434743636569293,10152465462817167,LIKE
165348596842143_1434743636569293,10201687314960101,LIKE
165348596842143_1434743636569293,10152788820977354,LIKE
165348596842143_1434743636569293,1553279274889429,LIKE
165348596842143_1434743636569293,990511314294666,LOVE
165348596842143_1434743636569293,10200904392812673,LIKE
165348596842143_1434743636569293,1016372945045421,LIKE
165348596842143_1434743636569293,1046879515337001,LIKE
165348596842143_1434743636569293,10152521555801500,ANGRY
165348596842143_1434743636569293,220325288318312,LIKE
165348596842143_1434743636569293,10152139515784032,ANGRY
165348596842143_1434743636569293,856728501015342,LIKE
165348596842143_1434743636569293,762567640449484,LIKE
165348596842143_1434743636569293,4219688947690,LIKE
165348596842143_1434743636569293,10152484718697177,LIKE
165348596842143_1434743636569293,494439597375551,LIKE
165348596842143_1434743636569293,4605294065858,ANGRY
165348596842143_1434743636569293,10205442973339100,LIKE
165348596842143_1434743636569293,10154903876600720,LOVE
165348596842143_1434743636569293,1598765496817085,LIKE
165348596842143_1434743636569293,10205553748148770,ANGRY
165348596842143_1434743636569293,10203443069299541,LIKE
165348596842143_1434743636569293,10154410155590722,LIKE
165348596842143_1434743636569293,10153721922754059,LIKE
165348596842143_1434743636569293,10203454565234109,LOVE
165348596842143_1434743636569293,10202804100296724,WOW
165348596842143_1434743636569293,846160162123446,HAHA
165348596842143_1434743636569293,10100444661786616,ANGRY
165348596842143_1434743636569293,10203660403053152,ANGRY
165348596842143_1434743636569293,10152918509699904,LIKE
165348596842143_1434743636569293,10205198571666535,ANGRY
165348596842143_1434743636569293,1455244211447030,LIKE
165348596842143_1434743636569293,834498956601747,LIKE
165348596842143_1434743636569293,940870176032739,LIKE
165348596842143_1434743636569293,10153388651260132,LOVE
165348596842143_1434743636569293,10204554244159995,SAD
165348596842143_1434743636569293,10203854246414885,LIKE
165348596842143_1434743636569293,10152343466344965,LIKE
165348596842143_1434743636569293,849799151701420,LIKE
165348596842143_1434743636569293,10204491164262367,ANGRY
165348596842143_1434743636569293,10152654579613939,ANGRY
165348596842143_1434743636569293,10206587822800040,LIKE
165348596842143_1434743636569293,10200978559545595,LIKE
165348596842143_1434743636569293,1191374594227689,LIKE
165348596842143_1434743636569293,10153104030393738,ANGRY
165348596842143_1434743636569293,906002646132178,ANGRY
165348596842143_1434743636569293,804118872952382,LIKE
165348596842143_1434743636569293,10204123670548690,WOW
165348596842143_1434743636569293,631397596986196,ANGRY
165348596842143_1434743636569293,10205287217155332,LIKE
165348596842143_1434743636569293,10202447623072305,LIKE
165348596842143_1434743636569293,10203755433076178,HAHA
165348596842143_1434743636569293,1120882731285275,LOVE
165348596842143_1434743636569293,719290994780545,ANGRY
165348596842143_1434743636569293,10152503134688808,LIKE
165348596842143_1434743636569293,901562433192939,LIKE
165348596842143_1434743636569293,1422205291405668,WOW
165348596842143_1434743636569293,176840689318672,LIKE
165348596842143_1434743636569293,607186616040931,LIKE
165348596842143_1434743636569293,10202969651335865,HAHA
165348596842143_1434743636569293,618955634874915,LIKE
165348596842143_1434743636569293,10154026720140263,LIKE
165348596842143_1434743636569293,469795796508923,LIKE
165348596842143_1434743636569293,1062361883779077,ANGRY
165348596842143_1434743636569293,838197802870048,LIKE
165348596842143_1434743636569293,10152349887396772,ANGRY
165348596842143_1434743636569293,889260267757451,ANGRY
165348596842143_1434743636569293,10154039893755088,SAD
165348596842143_1434743636569293,292187270963411,LIKE
165348596842143_1434743636569293,10152033854772441,ANGRY
165348596842143_1434743636569293,10152353454102924,ANGRY
165348596842143_1434743636569293,10205066952787659,LIKE
165348596842143_1434743636569293,10206310676942065,LIKE
165348596842143_1434743636569293,10154067000600621,LIKE
165348596842143_1434743636569293,150051355419078,ANGRY
165348596842143_1434743636569293,10200112766179744,LIKE
165348596842143_1434743636569293,10153323407152316,LIKE
165348596842143_1434743636569293,810791118951773,LIKE
165348596842143_1434743636569293,871465919541046,ANGRY
165348596842143_1434743636569293,802315273125199,LIKE
165348596842143_1434743636569293,10153184250164251,LIKE
165348596842143_1434743636569293,298250410371262,LIKE
165348596842143_1434743636569293,10204635799596715,LIKE
165348596842143_1434743636569293,882395645126068,LIKE
165348596842143_1434743636569293,654444077998139,LIKE
165348596842143_1434743636569293,595088150588215,LIKE
165348596842143_1434743636569293,10203974669518641,LOVE
165348596842143_1434743636569293,741675132531260,LIKE
165348596842143_1434743636569293,10152478416404032,LIKE
165348596842143_1434743636569293,508478242587339,LIKE
165348596842143_1434743636569293,196464384054000,LIKE
165348596842143_1434743636569293,627540247366664,LIKE
165348596842143_1434743636569293,10203820872296036,LIKE
165348596842143_1434743636569293,10153066277495260,ANGRY
165348596842143_1434743636569293,10204005981725422,LIKE
165348596842143_1434743636569293,754517037964965,LOVE
165348596842143_1434743636569293,10152938781922210,ANGRY
165348596842143_1434743636569293,825823610765381,SAD
165348596842143_1434743636569293,10152757510505744,WOW
165348596842143_1434743636569293,621086067979313,ANGRY
165348596842143_1434743636569293,336110163217666,LIKE
165348596842143_1434743636569293,10154062996620574,SAD
165348596842143_1434743636569293,10152025408863937,ANGRY
165348596842143_1434743636569293,10154829191965431,LIKE
165348596842143_1434743636569293,10205278395949889,LIKE
165348596842143_1434743636569293,10201398675040208,LOVE
165348596842143_1434743636569293,1831906753701175,LOVE
165348596842143_1434743636569293,10152637049776501,LOVE
165348596842143_1434743636569293,10203014301711064,ANGRY
165348596842143_1434743636569293,10152727915872282,LIKE
165348596842143_1434743636569293,10102394231567662,ANGRY
165348596842143_1434743636569293,10203008957616656,LIKE
165348596842143_1434743636569293,10152424666868086,ANGRY
165348596842143_1434743636569293,10153070112631953,ANGRY
165348596842143_1434743636569293,676926069044030,LOVE
165348596842143_1434743636569293,10152345360372480,LIKE
165348596842143_1434743636569293,10203719240955658,LIKE
165348596842143_1434743636569293,1580546545557955,LIKE
165348596842143_1434743636569293,693470370758550,LIKE
165348596842143_1434743636569293,135691933480432,LIKE
165348596842143_1434743636569293,10102357564713266,LIKE
165348596842143_1434743636569293,10152601892981846,LOVE
165348596842143_1434743636569293,10152517953453935,LOVE
165348596842143_1434743636569293,10152771262940815,LIKE
165348596842143_1434743636569293,839130512808526,LIKE
165348596842143_1434743636569293,10152401530708764,ANGRY
165348596842143_1434743636569293,10203822416586666,LIKE
165348596842143_1434743636569293,10202597352428428,LIKE
165348596842143_1434743636569293,656878414384331,LIKE
165348596842143_1434743636569293,1794595254089238,HAHA
165348596842143_1434743636569293,213599572183624,ANGRY
165348596842143_1434743636569293,1568552853396992,LIKE
165348596842143_1434743636569293,10201828815348740,ANGRY
165348596842143_1434743636569293,1463244453926661,ANGRY
165348596842143_1434743636569293,911770835507864,LIKE
165348596842143_1434743636569293,760808333979649,ANGRY
165348596842143_1434743636569293,764803213539237,LIKE
165348596842143_1434743636569293,10152367001391181,LIKE
165348596842143_1434743636569293,10201923207585950,LIKE
165348596842143_1434743636569293,680453905380795,LIKE
165348596842143_1434743636569293,840553395984961,LIKE
165348596842143_1434743636569293,825442830878206,LIKE
165348596842143_1434743636569293,10153892630147925,ANGRY
165348596842143_1434743636569293,10152393850501786,LIKE
165348596842143_1434743636569293,10204865586861747,LIKE
165348596842143_1434743636569293,1514282975513936,SAD
165348596842143_1434743636569293,10152806977538210,LIKE
165348596842143_1434743636569293,4229255186742,ANGRY
165348596842143_1434743636569293,10204215499734945,ANGRY
165348596842143_1434743636569293,1477207152600311,LIKE
165348596842143_1434743636569293,10201712369129429,LIKE
165348596842143_1434743636569293,10203809162001762,LIKE
165348596842143_1434743636569293,10152898026071639,LIKE
165348596842143_1434743636569293,10204184269360872,LIKE
165348596842143_1434743636569293,856274811121621,LIKE
165348596842143_1434743636569293,984047558288929,LIKE
165348596842143_1434743636569293,263631187154957,LIKE
165348596842143_1434743636569293,4502964908778,LOVE
165348596842143_1434743636569293,266611903780421,LIKE
165348596842143_1434743636569293,292531434234843,LIKE
165348596842143_1434743636569293,10152002714537452,LIKE
165348596842143_1434743636569293,10202990133411697,LIKE
165348596842143_1434743636569293,10154586459600387,LIKE
165348596842143_1434743636569293,10152799541852650,SAD
165348596842143_1434743636569293,665590800156196,LIKE
165348596842143_1434743636569293,10152996089758106,LIKE
165348596842143_1434743636569293,769074913139432,LIKE
165348596842143_1434743636569293,10200634326018575,LIKE
165348596842143_1434743636569293,563932527071254,LIKE
165348596842143_1434743636569293,10205062859121254,LIKE
165348596842143_1434743636569293,10154651578690154,LIKE
165348596842143_1434743636569293,10152714736281136,LIKE
165348596842143_1434743636569293,635833816495683,WOW
165348596842143_1434743636569293,685353688186428,LIKE
165348596842143_1434743636569293,1279708442092580,ANGRY
165348596842143_1434743636569293,10152972087247704,ANGRY
165348596842143_1434743636569293,268144080029575,LIKE
165348596842143_1434743636569293,792685717515181,LIKE
165348596842143_1434743636569293,746936055350484,LIKE
165348596842143_1434743636569293,10203846234669418,LIKE
165348596842143_1434743636569293,10205223875741735,LIKE
165348596842143_1434743636569293,1070040016339439,SAD
165348596842143_1434743636569293,629534607113200,LIKE
165348596842143_1434743636569293,10152046814651451,LIKE
165348596842143_1434743636569293,10202626784243603,LIKE
165348596842143_1434743636569293,10152729883913565,LIKE
165348596842143_1434743636569293,10204565897773816,LIKE
165348596842143_1434743636569293,10152806344030421,ANGRY
165348596842143_1434743636569293,10205939100056960,LIKE
165348596842143_1434743636569293,172028703203391,LIKE
165348596842143_1434743636569293,10206291061170895,LIKE
165348596842143_1434743636569293,710757468989108,ANGRY
165348596842143_1434743636569293,660475140733457,LIKE
165348596842143_1434743636569293,1497686610504354,LIKE
165348596842143_1434743636569293,10206068002275724,LOVE
165348596842143_1434743636569293,857440724273529,LIKE
165348596842143_1434743636569293,10152067901518339,HAHA
165348596842143_1434743636569293,10152920032754471,WOW
165348596842143_1434743636569293,697605983628727,LIKE
165348596842143_1434743636569293,10152093527676149,LIKE
165348596842143_1434743636569293,10201198404556841,LIKE
165348596842143_1434743636569293,1439399366312878,ANGRY
165348596842143_1434743636569293,1530978150503199,LIKE
165348596842143_1434743636569293,741239219234128,LIKE
165348596842143_1434743636569293,736416566381501,LIKE
165348596842143_1434743636569293,10152541854510719,ANGRY
165348596842143_1434743636569293,645889928857307,ANGRY
165348596842143_1434743636569293,252161028321662,LIKE
165348596842143_1434743636569293,378597995612883,LIKE
165348596842143_1434743636569293,10153913866958852,LIKE
165348596842143_1434743636569293,737430422994489,LOVE
165348596842143_1434743636569293,10202580607785239,LIKE
165348596842143_1434743636569293,10152927102408744,LIKE
165348596842143_1434743636569293,10152901154484125,LIKE
165348596842143_1434743636569293,1456030384726737,LIKE
165348596842143_1434743636569293,629488220469369,LIKE
165348596842143_1434743636569293,10152761745421189,LIKE
165348596842143_1434743636569293,10205077776796588,LIKE
165348596842143_1434743636569293,10152577956688172,LIKE
165348596842143_1434743636569293,10152441622220757,LIKE
165348596842143_1434743636569293,10152075093262685,LIKE
165348596842143_1434743636569293,10152789902000450,ANGRY
165348596842143_1434743636569293,10152373370867320,ANGRY
165348596842143_1434743636569293,111196219378573,WOW
165348596842143_1434743636569293,552011761594282,LIKE
165348596842143_1434743636569293,10202884880576495,LOVE
165348596842143_1434743636569293,10152657701434817,LIKE
165348596842143_1434743636569293,845711562129504,WOW
165348596842143_1434743636569293,513441412100067,LIKE
165348596842143_1434743636569293,1021293521348860,LIKE
165348596842143_1434743636569293,1332876233390878,LIKE
165348596842143_1434743636569293,10152134999896406,SAD
165348596842143_1434743636569293,10202099204189360,LIKE
165348596842143_1434743636569293,10152908048882376,LIKE
165348596842143_1434743636569293,10205952520531220,LIKE
165348596842143_1434743636569293,10152246633395896,LIKE
165348596842143_1434743636569293,10152140173553992,LIKE
165348596842143_1434743636569293,1733394390261241,LOVE
165348596842143_1434743636569293,10152448121878447,HAHA
165348596842143_1434743636569293,10203667848909278,LIKE
165348596842143_1434743636569293,10155749065525331,WOW
165348596842143_1434743636569293,10203377314347557,ANGRY
165348596842143_1434743636569293,10152477700693585,LIKE
165348596842143_1434743636569293,609516579132731,LIKE
165348596842143_1434743636569293,10154123885975171,LIKE
165348596842143_1434743636569293,105115763168965,LIKE
165348596842143_1434743636569293,894708740553355,ANGRY
165348596842143_1434743636569293,1498907156998917,LIKE
165348596842143_1434743636569293,10152659348045579,ANGRY
165348596842143_1434743636569293,644129225660183,ANGRY
165348596842143_1434743636569293,652264191508533,LIKE
165348596842143_1434743636569293,10152186687303999,LOVE
165348596842143_1434743636569293,10203348381286058,LIKE
165348596842143_1434743636569293,10153990383785328,LIKE
165348596842143_1434743636569293,10201691372747539,WOW
165348596842143_1434743636569293,10152417119956458,LIKE
165348596842143_1434743636569293,1095255950541829,LIKE
165348596842143_1434743636569293,949966435033990,LIKE
165348596842143_1434743636569293,728959273846024,LIKE
165348596842143_1434743636569293,10201901315449050,LIKE
165348596842143_1434743636569293,10152365402944921,LIKE
165348596842143_1434743636569293,10152897891095522,ANGRY
165348596842143_1434743636569293,1586577074890991,LIKE
165348596842143_1434743636569293,686721634779046,LIKE
165348596842143_1434743636569293,764307540326713,HAHA
165348596842143_1434743636569293,10152337748641168,LIKE
165348596842143_1434743636569293,10154881852970612,LIKE
165348596842143_1434743636569293,521730194604904,LOVE
165348596842143_1434743636569293,1418313001832246,LIKE
165348596842143_1434743636569293,10152214974570829,LIKE
165348596842143_1434743636569293,10152921252062112,LIKE
165348596842143_1434743636569293,10152311556912554,ANGRY
165348596842143_1434743636569293,644404932357122,LIKE
165348596842143_1434743636569293,890199221008073,ANGRY
165348596842143_1434743636569293,10203970029802921,LIKE
165348596842143_1434743636569293,887439701268307,SAD
165348596842143_1434743636569293,836074979784991,LIKE
165348596842143_1434743636569293,641573769231875,ANGRY
165348596842143_1434743636569293,10203956409845462,LIKE
165348596842143_1434743636569293,10152379935014042,LIKE
165348596842143_1434743636569293,10154047461695613,LIKE
165348596842143_1434743636569293,121541104863345,LIKE
165348596842143_1434743636569293,465332473625771,LOVE
165348596842143_1434743636569293,10154731660525293,LIKE
165348596842143_1434743636569293,714197025290214,LIKE
165348596842143_1434743636569293,137131146641741,LIKE
165348596842143_1434743636569293,10152869395919974,LIKE
165348596842143_1434743636569293,528699673932242,LIKE
165348596842143_1434743636569293,10152381274323025,SAD
165348596842143_1434743636569293,612883592119085,SAD
165348596842143_1434743636569293,644180098993479,LIKE
165348596842143_1434743636569293,10152414515228015,LIKE
165348596842143_1434743636569293,10152444592594665,LIKE
165348596842143_1434743636569293,10152533143235390,WOW
165348596842143_1434743636569293,10203842236602219,LIKE
165348596842143_1434743636569293,930146567001877,ANGRY
165348596842143_1434743636569293,10152538547344728,WOW
165348596842143_1434743636569293,10152490349233507,ANGRY
165348596842143_1434743636569293,650759891658092,LIKE
165348596842143_1434743636569293,10152344558078361,LIKE
165348596842143_1434743636569293,1672136473043857,LIKE
165348596842143_1434743636569293,10203420471807176,LIKE
165348596842143_1434743636569293,10155230291315314,LIKE
165348596842143_1434743636569293,10152559004901671,LIKE
165348596842143_1434743636569293,170968539969702,ANGRY
165348596842143_1434743636569293,661320047273506,LIKE
165348596842143_1434743636569293,697041770349371,LIKE
165348596842143_1434743636569293,10152911331297403,LIKE
165348596842143_1434743636569293,10152202677216599,LIKE
165348596842143_1434743636569293,488058471321916,LIKE
165348596842143_1434743636569293,10204335696966111,LIKE
165348596842143_1434743636569293,10208737539817333,LIKE
165348596842143_1434743636569293,10205487366732425,ANGRY
165348596842143_1434743636569293,10202739684285713,LIKE
165348596842143_1434743636569293,10202671404080026,LOVE
165348596842143_1434743636569293,10153084380922922,HAHA
165348596842143_1434743636569293,10203860117116590,ANGRY
165348596842143_1434743636569293,331571910334408,WOW
165348596842143_1434743636569293,10204758815342812,LIKE
165348596842143_1434743636569293,10152738710369823,LIKE
165348596842143_1434743636569293,656973797707571,LIKE
165348596842143_1434743636569293,696088477101135,LIKE
165348596842143_1434743636569293,591076767660647,LIKE
165348596842143_1434743636569293,541022149332165,LIKE
165348596842143_1434743636569293,777488328964697,LIKE
165348596842143_1434743636569293,10153379303383572,LIKE
165348596842143_1434743636569293,10153126458381953,LIKE
165348596842143_1434743636569293,127401870951413,LIKE
165348596842143_1434743636569293,4152779953494,ANGRY
165348596842143_1434743636569293,276111116106529,LIKE
165348596842143_1434743636569293,638369949579800,LIKE
165348596842143_1434743636569293,1522524421320278,ANGRY
165348596842143_1434743636569293,283220838541625,LIKE
165348596842143_1434743636569293,10152345104502457,WOW
165348596842143_1434743636569293,1519376005050347,LIKE
165348596842143_1434743636569293,10203736092022224,WOW
165348596842143_1434743636569293,10203726569581970,LIKE
165348596842143_1434743636569293,548896488597789,ANGRY
165348596842143_1434743636569293,10152642328889693,HAHA
165348596842143_1434743636569293,528593043956881,LIKE
165348596842143_1434743636569293,10153009408828626,ANGRY
165348596842143_1434743636569293,10152574365476351,ANGRY
165348596842143_1434743636569293,10154051012770591,ANGRY
165348596842143_1434743636569293,1443070619333920,LIKE
